/*
SQLyog Ultimate v8.82 
MySQL - 5.5.5-10.1.35-MariaDB : Database - bt_mis
*********************************************************************
*/

/*!40101 SET NAMES utf8 */;

/*!40101 SET SQL_MODE=''*/;

/*!40014 SET @OLD_UNIQUE_CHECKS=@@UNIQUE_CHECKS, UNIQUE_CHECKS=0 */;
/*!40014 SET @OLD_FOREIGN_KEY_CHECKS=@@FOREIGN_KEY_CHECKS, FOREIGN_KEY_CHECKS=0 */;
/*!40101 SET @OLD_SQL_MODE=@@SQL_MODE, SQL_MODE='NO_AUTO_VALUE_ON_ZERO' */;
/*!40111 SET @OLD_SQL_NOTES=@@SQL_NOTES, SQL_NOTES=0 */;
CREATE DATABASE /*!32312 IF NOT EXISTS*/`bt_mis` /*!40100 DEFAULT CHARACTER SET latin1 */;

USE `bt_mis`;

/*Table structure for table `t_category_master` */

DROP TABLE IF EXISTS `t_category_master`;

CREATE TABLE `t_category_master` (
  `Id` int(5) NOT NULL AUTO_INCREMENT,
  `Category_Name` varchar(200) DEFAULT NULL,
  `Active_Status` char(1) DEFAULT 'Y',
  PRIMARY KEY (`Id`)
) ENGINE=InnoDB AUTO_INCREMENT=3 DEFAULT CHARSET=latin1;

/*Data for the table `t_category_master` */

insert  into `t_category_master`(`Id`,`Category_Name`,`Active_Status`) values (1,'Subscriber Front','Y'),(2,'Revenue Front','Y');

/*Table structure for table `t_month_master` */

DROP TABLE IF EXISTS `t_month_master`;

CREATE TABLE `t_month_master` (
  `Id` int(5) NOT NULL AUTO_INCREMENT,
  `Month` varchar(200) DEFAULT NULL,
  PRIMARY KEY (`Id`)
) ENGINE=InnoDB AUTO_INCREMENT=13 DEFAULT CHARSET=latin1;

/*Data for the table `t_month_master` */

insert  into `t_month_master`(`Id`,`Month`) values (1,'January'),(2,'Febarury'),(3,'March'),(4,'April'),(5,'May'),(6,'June'),(7,'July'),(8,'August'),(9,'September'),(10,'October'),(11,'November'),(12,'December ');

/*Table structure for table `t_revenue_arpu_main` */

DROP TABLE IF EXISTS `t_revenue_arpu_main`;

CREATE TABLE `t_revenue_arpu_main` (
  `Id` int(5) NOT NULL AUTO_INCREMENT,
  `Year` int(5) DEFAULT NULL,
  `Month` int(2) DEFAULT NULL,
  `Prepaid` varchar(10) DEFAULT NULL,
  `Postpaid` varchar(10) DEFAULT NULL,
  `User_Id` int(5) DEFAULT NULL,
  `Added_Date` date DEFAULT NULL,
  PRIMARY KEY (`Id`)
) ENGINE=InnoDB AUTO_INCREMENT=3 DEFAULT CHARSET=latin1;

/*Data for the table `t_revenue_arpu_main` */

insert  into `t_revenue_arpu_main`(`Id`,`Year`,`Month`,`Prepaid`,`Postpaid`,`User_Id`,`Added_Date`) values (1,2020,1,'234','234',NULL,NULL),(2,2019,1,'122','1231',NULL,NULL);

/*Table structure for table `t_revenue_financial_excel` */

DROP TABLE IF EXISTS `t_revenue_financial_excel`;

CREATE TABLE `t_revenue_financial_excel` (
  `Id` int(5) NOT NULL AUTO_INCREMENT,
  `Year` int(5) DEFAULT NULL,
  `Month` int(2) DEFAULT NULL,
  `Service_Revenue_Id` varchar(200) DEFAULT NULL,
  `Jan` varchar(10) DEFAULT NULL,
  `Feb` varchar(10) DEFAULT NULL,
  `Mar` varchar(10) DEFAULT NULL,
  `Apr` varchar(10) DEFAULT NULL,
  `May` varchar(10) DEFAULT NULL,
  `Jun` varchar(10) DEFAULT NULL,
  `July` varchar(10) DEFAULT NULL,
  `Aug` varchar(10) DEFAULT NULL,
  `Sep` varchar(10) DEFAULT NULL,
  `Oct` varchar(10) DEFAULT NULL,
  `Nov` varchar(10) DEFAULT NULL,
  `Dec` varchar(10) DEFAULT NULL,
  `User_Id` int(2) DEFAULT NULL,
  `Added_date` date DEFAULT NULL,
  PRIMARY KEY (`Id`)
) ENGINE=InnoDB DEFAULT CHARSET=latin1;

/*Data for the table `t_revenue_financial_excel` */

/*Table structure for table `t_revenue_financial_excel_before` */

DROP TABLE IF EXISTS `t_revenue_financial_excel_before`;

CREATE TABLE `t_revenue_financial_excel_before` (
  `Id` int(5) NOT NULL AUTO_INCREMENT,
  `Year` int(5) DEFAULT NULL,
  `Month` int(2) DEFAULT NULL,
  `Service_Revenue_Id` varchar(200) DEFAULT NULL,
  `Jan` varchar(10) DEFAULT NULL,
  `Feb` varchar(10) DEFAULT NULL,
  `Mar` varchar(10) DEFAULT NULL,
  `Apr` varchar(10) DEFAULT NULL,
  `May` varchar(10) DEFAULT NULL,
  `Jun` varchar(10) DEFAULT NULL,
  `July` varchar(10) DEFAULT NULL,
  `Aug` varchar(10) DEFAULT NULL,
  `Sep` varchar(10) DEFAULT NULL,
  `Oct` varchar(10) DEFAULT NULL,
  `Nov` varchar(10) DEFAULT NULL,
  `Dec` varchar(10) DEFAULT NULL,
  `User_Id` int(2) DEFAULT NULL,
  `Added_date` date DEFAULT NULL,
  PRIMARY KEY (`Id`)
) ENGINE=InnoDB DEFAULT CHARSET=latin1;

/*Data for the table `t_revenue_financial_excel_before` */

/*Table structure for table `t_revenue_fixed_line_main` */

DROP TABLE IF EXISTS `t_revenue_fixed_line_main`;

CREATE TABLE `t_revenue_fixed_line_main` (
  `Id` int(5) NOT NULL AUTO_INCREMENT,
  `Year` int(5) DEFAULT NULL,
  `Month` int(2) DEFAULT NULL,
  `Telephone_Service` varchar(10) DEFAULT NULL,
  `Int_ISD` varchar(10) DEFAULT NULL,
  `Total_Revenue` varchar(10) DEFAULT NULL,
  `User_Id` int(2) DEFAULT NULL,
  `Added_Date` date DEFAULT NULL,
  PRIMARY KEY (`Id`)
) ENGINE=InnoDB DEFAULT CHARSET=latin1;

/*Data for the table `t_revenue_fixed_line_main` */

/*Table structure for table `t_revenue_isp_main` */

DROP TABLE IF EXISTS `t_revenue_isp_main`;

CREATE TABLE `t_revenue_isp_main` (
  `Id` int(5) NOT NULL AUTO_INCREMENT,
  `Year` int(5) DEFAULT NULL,
  `Month` int(2) DEFAULT NULL,
  `Broad_Band` varchar(10) DEFAULT NULL,
  `Leased_line` varchar(10) DEFAULT NULL,
  `Domain_Name` varchar(10) DEFAULT NULL,
  `IPLC` varchar(10) DEFAULT NULL,
  `Domain_Name_int` varchar(10) DEFAULT NULL,
  `Leased_Line_int` varchar(10) DEFAULT NULL,
  `Contact_Center` varchar(10) DEFAULT NULL,
  `Data_Center` varchar(10) DEFAULT NULL,
  `Thuraya_Service` varchar(10) DEFAULT NULL,
  `EPR_Service` varchar(10) DEFAULT NULL,
  `Total_Revenue` varchar(10) DEFAULT NULL,
  `User_Id` int(5) DEFAULT NULL,
  `Added_Date` date DEFAULT NULL,
  PRIMARY KEY (`Id`)
) ENGINE=InnoDB AUTO_INCREMENT=2 DEFAULT CHARSET=latin1;

/*Data for the table `t_revenue_isp_main` */

insert  into `t_revenue_isp_main`(`Id`,`Year`,`Month`,`Broad_Band`,`Leased_line`,`Domain_Name`,`IPLC`,`Domain_Name_int`,`Leased_Line_int`,`Contact_Center`,`Data_Center`,`Thuraya_Service`,`EPR_Service`,`Total_Revenue`,`User_Id`,`Added_Date`) values (1,2020,1,'569','890','1000','690','6910','8','9',NULL,NULL,NULL,NULL,1,'0000-00-00');

/*Table structure for table `t_revenue_mobile_main` */

DROP TABLE IF EXISTS `t_revenue_mobile_main`;

CREATE TABLE `t_revenue_mobile_main` (
  `Id` int(5) NOT NULL AUTO_INCREMENT,
  `Year` int(5) DEFAULT NULL,
  `Month` int(2) DEFAULT NULL,
  `Mrc` varchar(10) DEFAULT NULL,
  `E_load` varchar(10) DEFAULT NULL,
  `In_And_Vas` varchar(10) DEFAULT NULL,
  `Online_App` varchar(10) DEFAULT NULL,
  `Inter_Connect` varchar(10) DEFAULT NULL,
  `International_Roming` varchar(10) DEFAULT NULL,
  `In_And_Vas_International` varchar(10) DEFAULT NULL,
  `Prepaid` varchar(10) DEFAULT NULL,
  `Postpaid` varchar(10) DEFAULT NULL,
  `Total_Revinue` varchar(10) DEFAULT NULL,
  `User_Id` int(2) DEFAULT NULL,
  `Added_Date` date DEFAULT NULL,
  PRIMARY KEY (`Id`)
) ENGINE=InnoDB DEFAULT CHARSET=latin1;

/*Data for the table `t_revenue_mobile_main` */

/*Table structure for table `t_revenue_other_main` */

DROP TABLE IF EXISTS `t_revenue_other_main`;

CREATE TABLE `t_revenue_other_main` (
  `Id` int(5) NOT NULL AUTO_INCREMENT,
  `Year` int(5) DEFAULT NULL,
  `Month` int(2) DEFAULT NULL,
  `Sale_Of_Product` varchar(10) DEFAULT NULL,
  `Other_Income` varchar(10) DEFAULT NULL,
  `Total_Revenue` varchar(10) DEFAULT NULL,
  `User_Id` int(5) DEFAULT NULL,
  `Added_Date` date DEFAULT NULL,
  PRIMARY KEY (`Id`)
) ENGINE=InnoDB DEFAULT CHARSET=latin1;

/*Data for the table `t_revenue_other_main` */

/*Table structure for table `t_revenue_overall_main` */

DROP TABLE IF EXISTS `t_revenue_overall_main`;

CREATE TABLE `t_revenue_overall_main` (
  `Id` int(5) NOT NULL AUTO_INCREMENT,
  `Year` int(5) DEFAULT NULL,
  `Month` int(2) DEFAULT NULL,
  `Grand_Total` varchar(10) DEFAULT NULL,
  `User_Id` int(2) DEFAULT NULL,
  `Added_Date` date DEFAULT NULL,
  PRIMARY KEY (`Id`)
) ENGINE=InnoDB AUTO_INCREMENT=8 DEFAULT CHARSET=latin1;

/*Data for the table `t_revenue_overall_main` */

insert  into `t_revenue_overall_main`(`Id`,`Year`,`Month`,`Grand_Total`,`User_Id`,`Added_Date`) values (1,2020,1,'23',NULL,NULL),(2,2020,2,'200',12,NULL),(3,2020,3,'100',12,NULL),(4,2020,4,'52',11,NULL),(5,2019,1,'29',NULL,NULL),(6,2019,2,'36',NULL,NULL),(7,2019,9,'45',NULL,NULL);

/*Table structure for table `t_role_master` */

DROP TABLE IF EXISTS `t_role_master`;

CREATE TABLE `t_role_master` (
  `Id` int(5) NOT NULL AUTO_INCREMENT,
  `Role_Name` varchar(200) DEFAULT NULL,
  `Role_Status` char(1) DEFAULT 'Y',
  PRIMARY KEY (`Id`)
) ENGINE=InnoDB AUTO_INCREMENT=4 DEFAULT CHARSET=latin1;

/*Data for the table `t_role_master` */

insert  into `t_role_master`(`Id`,`Role_Name`,`Role_Status`) values (1,'Admin','Y'),(2,'Marketing','Y'),(3,'Boss','Y');

/*Table structure for table `t_sub_category_master` */

DROP TABLE IF EXISTS `t_sub_category_master`;

CREATE TABLE `t_sub_category_master` (
  `Id` int(5) NOT NULL AUTO_INCREMENT,
  `Category_Id` int(5) DEFAULT NULL,
  `Sub_Category_Name` varchar(200) DEFAULT NULL,
  `Active_Status` char(1) DEFAULT 'Y',
  PRIMARY KEY (`Id`)
) ENGINE=InnoDB DEFAULT CHARSET=latin1;

/*Data for the table `t_sub_category_master` */

/*Table structure for table `t_subscriber_base_disconnect_excel` */

DROP TABLE IF EXISTS `t_subscriber_base_disconnect_excel`;

CREATE TABLE `t_subscriber_base_disconnect_excel` (
  `Id` int(5) NOT NULL AUTO_INCREMENT,
  `Year` int(5) DEFAULT NULL,
  `Month` int(2) DEFAULT NULL,
  `File_Type` varchar(20) DEFAULT NULL,
  `Name` varchar(200) DEFAULT NULL,
  `Jan` varchar(10) DEFAULT NULL,
  `Feb` varchar(10) DEFAULT NULL,
  `Mar` varchar(10) DEFAULT NULL,
  `Apr` varchar(10) DEFAULT NULL,
  `May` varchar(10) DEFAULT NULL,
  `June` varchar(10) DEFAULT NULL,
  `July` varchar(10) DEFAULT NULL,
  `Aug` varchar(10) DEFAULT NULL,
  `Sep` varchar(10) DEFAULT NULL,
  `Oct` varchar(10) DEFAULT NULL,
  `Nov` varchar(10) DEFAULT NULL,
  `Dec` varchar(10) DEFAULT NULL,
  `User_Id` int(5) DEFAULT NULL,
  `Added_Date` date DEFAULT NULL,
  PRIMARY KEY (`Id`)
) ENGINE=InnoDB AUTO_INCREMENT=253 DEFAULT CHARSET=latin1;

/*Data for the table `t_subscriber_base_disconnect_excel` */

insert  into `t_subscriber_base_disconnect_excel`(`Id`,`Year`,`Month`,`File_Type`,`Name`,`Jan`,`Feb`,`Mar`,`Apr`,`May`,`June`,`July`,`Aug`,`Sep`,`Oct`,`Nov`,`Dec`,`User_Id`,`Added_Date`) values (1,2020,1,'POST','4G LTE Postpaid',NULL,NULL,NULL,NULL,NULL,NULL,NULL,NULL,NULL,NULL,NULL,NULL,1,'2020-03-22'),(2,2020,1,'POST','    Active Sub',NULL,NULL,NULL,NULL,NULL,NULL,NULL,NULL,NULL,NULL,NULL,NULL,1,'2020-03-22'),(3,2020,1,'POST','    New Sub',NULL,NULL,NULL,NULL,NULL,NULL,NULL,NULL,NULL,NULL,NULL,NULL,1,'2020-03-22'),(4,2020,1,'POST','    Disconnected sub',' 199',' 299',NULL,NULL,NULL,NULL,NULL,NULL,NULL,NULL,NULL,NULL,1,'2020-03-22'),(5,2020,1,'POST','4G LTE Prepaid',NULL,NULL,NULL,NULL,NULL,NULL,NULL,NULL,NULL,NULL,NULL,NULL,1,'2020-03-22'),(6,2020,1,'POST','    Active Sub',NULL,NULL,NULL,NULL,NULL,NULL,NULL,NULL,NULL,NULL,NULL,NULL,1,'2020-03-22'),(7,2020,1,'POST','    New Sub',NULL,NULL,NULL,NULL,NULL,NULL,NULL,NULL,NULL,NULL,NULL,NULL,1,'2020-03-22'),(8,2020,1,'POST','    Disconnected sub',NULL,NULL,NULL,NULL,NULL,NULL,NULL,NULL,NULL,NULL,NULL,NULL,1,'2020-03-22'),(9,2020,1,'POST','2G | 3G Postpaid',NULL,NULL,NULL,NULL,NULL,NULL,NULL,NULL,NULL,NULL,NULL,NULL,1,'2020-03-22'),(10,2020,1,'POST','    Active Sub',NULL,NULL,NULL,NULL,NULL,NULL,NULL,NULL,NULL,NULL,NULL,NULL,1,'2020-03-22'),(11,2020,1,'POST','    New Sub',NULL,NULL,NULL,NULL,NULL,NULL,NULL,NULL,NULL,NULL,NULL,NULL,1,'2020-03-22'),(12,2020,1,'POST','    Disconnected sub',' 110',' 210',NULL,NULL,NULL,NULL,NULL,NULL,NULL,NULL,NULL,NULL,1,'2020-03-22'),(13,2020,1,'POST','2G | 3G Prepaid',NULL,NULL,NULL,NULL,NULL,NULL,NULL,NULL,NULL,NULL,NULL,NULL,1,'2020-03-22'),(14,2020,1,'POST','    Active Sub',NULL,NULL,NULL,NULL,NULL,NULL,NULL,NULL,NULL,NULL,NULL,NULL,1,'2020-03-22'),(15,2020,1,'POST','    New Sub',NULL,NULL,NULL,NULL,NULL,NULL,NULL,NULL,NULL,NULL,NULL,NULL,1,'2020-03-22'),(16,2020,1,'POST','    Disconnected sub',NULL,NULL,NULL,NULL,NULL,NULL,NULL,NULL,NULL,NULL,NULL,NULL,1,'2020-03-22'),(17,2020,1,'POST',NULL,NULL,NULL,NULL,NULL,NULL,NULL,NULL,NULL,NULL,NULL,NULL,NULL,1,'2020-03-22'),(18,2020,1,'POST',NULL,NULL,NULL,NULL,NULL,NULL,NULL,NULL,NULL,NULL,NULL,NULL,NULL,1,'2020-03-22'),(19,2020,1,'PRE','4G LTE Postpaid',NULL,NULL,NULL,NULL,NULL,NULL,NULL,NULL,NULL,NULL,NULL,NULL,1,'2020-03-22'),(20,2020,1,'PRE','    Active Sub',NULL,NULL,NULL,NULL,NULL,NULL,NULL,NULL,NULL,NULL,NULL,NULL,1,'2020-03-22'),(21,2020,1,'PRE','    New Sub',NULL,NULL,NULL,NULL,NULL,NULL,NULL,NULL,NULL,NULL,NULL,NULL,1,'2020-03-22'),(22,2020,1,'PRE','    Disconnected sub',NULL,NULL,NULL,NULL,NULL,NULL,NULL,NULL,NULL,NULL,NULL,NULL,1,'2020-03-22'),(23,2020,1,'PRE','4G LTE Prepaid',NULL,NULL,NULL,NULL,NULL,NULL,NULL,NULL,NULL,NULL,NULL,NULL,1,'2020-03-22'),(24,2020,1,'PRE','    Active Sub',NULL,NULL,NULL,NULL,NULL,NULL,NULL,NULL,NULL,NULL,NULL,NULL,1,'2020-03-22'),(25,2020,1,'PRE','    New Sub',NULL,NULL,NULL,NULL,NULL,NULL,NULL,NULL,NULL,NULL,NULL,NULL,1,'2020-03-22'),(26,2020,1,'PRE','    Disconnected sub',' 500',' 550',NULL,NULL,NULL,NULL,NULL,NULL,NULL,NULL,NULL,NULL,1,'2020-03-22'),(27,2020,1,'PRE','2G | 3G Postpaid',NULL,NULL,NULL,NULL,NULL,NULL,NULL,NULL,NULL,NULL,NULL,NULL,1,'2020-03-22'),(28,2020,1,'PRE','    Active Sub',NULL,NULL,NULL,NULL,NULL,NULL,NULL,NULL,NULL,NULL,NULL,NULL,1,'2020-03-22'),(29,2020,1,'PRE','    New Sub',NULL,NULL,NULL,NULL,NULL,NULL,NULL,NULL,NULL,NULL,NULL,NULL,1,'2020-03-22'),(30,2020,1,'PRE','    Disconnected sub',NULL,NULL,NULL,NULL,NULL,NULL,NULL,NULL,NULL,NULL,NULL,NULL,1,'2020-03-22'),(31,2020,1,'PRE','2G | 3G Prepaid',NULL,NULL,NULL,NULL,NULL,NULL,NULL,NULL,NULL,NULL,NULL,NULL,1,'2020-03-22'),(32,2020,1,'PRE','    Active Sub',NULL,NULL,NULL,NULL,NULL,NULL,NULL,NULL,NULL,NULL,NULL,NULL,1,'2020-03-22'),(33,2020,1,'PRE','    New Sub',NULL,NULL,NULL,NULL,NULL,NULL,NULL,NULL,NULL,NULL,NULL,NULL,1,'2020-03-22'),(34,2020,1,'PRE','    Disconnected sub',' 100',' 200',NULL,NULL,NULL,NULL,NULL,NULL,NULL,NULL,NULL,NULL,1,'2020-03-22'),(35,2020,1,'PRE',NULL,NULL,NULL,NULL,NULL,NULL,NULL,NULL,NULL,NULL,NULL,NULL,NULL,1,'2020-03-22'),(36,2020,1,'PRE',NULL,NULL,NULL,NULL,NULL,NULL,NULL,NULL,NULL,NULL,NULL,NULL,NULL,1,'2020-03-22'),(37,2020,1,'PRE',NULL,NULL,NULL,NULL,NULL,NULL,NULL,NULL,NULL,NULL,NULL,NULL,NULL,1,'2020-03-22'),(38,2020,1,'PRE',NULL,NULL,NULL,NULL,NULL,NULL,NULL,NULL,NULL,NULL,NULL,NULL,NULL,1,'2020-03-22'),(39,2020,1,'PRE',NULL,NULL,NULL,NULL,NULL,NULL,NULL,NULL,NULL,NULL,NULL,NULL,NULL,1,'2020-03-22'),(40,2020,1,'PRE',NULL,NULL,NULL,NULL,NULL,NULL,NULL,NULL,NULL,NULL,NULL,NULL,NULL,1,'2020-03-22'),(41,2020,1,'PRE',NULL,NULL,NULL,NULL,NULL,NULL,NULL,NULL,NULL,NULL,NULL,NULL,NULL,1,'2020-03-22'),(42,2020,1,'PRE',NULL,NULL,NULL,NULL,NULL,NULL,NULL,NULL,NULL,NULL,NULL,NULL,NULL,1,'2020-03-22'),(43,2020,1,'PRE',NULL,NULL,NULL,NULL,NULL,NULL,NULL,NULL,NULL,NULL,NULL,NULL,NULL,1,'2020-03-22'),(44,2020,1,'PRE',NULL,NULL,NULL,NULL,NULL,NULL,NULL,NULL,NULL,NULL,NULL,NULL,NULL,1,'2020-03-22'),(45,2020,1,'PRE',NULL,NULL,NULL,NULL,NULL,NULL,NULL,NULL,NULL,NULL,NULL,NULL,NULL,1,'2020-03-22'),(46,2020,1,'PRE',NULL,NULL,NULL,NULL,NULL,NULL,NULL,NULL,NULL,NULL,NULL,NULL,NULL,1,'2020-03-22'),(47,2020,1,'PRE',NULL,NULL,NULL,NULL,NULL,NULL,NULL,NULL,NULL,NULL,NULL,NULL,NULL,1,'2020-03-22'),(48,2020,1,'PRE',NULL,NULL,NULL,NULL,NULL,NULL,NULL,NULL,NULL,NULL,NULL,NULL,NULL,1,'2020-03-22'),(49,2020,1,'POST','4G LTE Postpaid',NULL,NULL,NULL,NULL,NULL,NULL,NULL,NULL,NULL,NULL,NULL,NULL,1,'2020-03-22'),(50,2020,1,'POST','    Active Sub',NULL,NULL,NULL,NULL,NULL,NULL,NULL,NULL,NULL,NULL,NULL,NULL,1,'2020-03-22'),(51,2020,1,'POST','    New Sub',NULL,NULL,NULL,NULL,NULL,NULL,NULL,NULL,NULL,NULL,NULL,NULL,1,'2020-03-22'),(52,2020,1,'POST','    Disconnected sub',' 199',' 299',NULL,NULL,NULL,NULL,NULL,NULL,NULL,NULL,NULL,NULL,1,'2020-03-22'),(53,2020,1,'POST','4G LTE Prepaid',NULL,NULL,NULL,NULL,NULL,NULL,NULL,NULL,NULL,NULL,NULL,NULL,1,'2020-03-22'),(54,2020,1,'POST','    Active Sub',NULL,NULL,NULL,NULL,NULL,NULL,NULL,NULL,NULL,NULL,NULL,NULL,1,'2020-03-22'),(55,2020,1,'POST','    New Sub',NULL,NULL,NULL,NULL,NULL,NULL,NULL,NULL,NULL,NULL,NULL,NULL,1,'2020-03-22'),(56,2020,1,'POST','    Disconnected sub',NULL,NULL,NULL,NULL,NULL,NULL,NULL,NULL,NULL,NULL,NULL,NULL,1,'2020-03-22'),(57,2020,1,'POST','2G | 3G Postpaid',NULL,NULL,NULL,NULL,NULL,NULL,NULL,NULL,NULL,NULL,NULL,NULL,1,'2020-03-22'),(58,2020,1,'POST','    Active Sub',NULL,NULL,NULL,NULL,NULL,NULL,NULL,NULL,NULL,NULL,NULL,NULL,1,'2020-03-22'),(59,2020,1,'POST','    New Sub',NULL,NULL,NULL,NULL,NULL,NULL,NULL,NULL,NULL,NULL,NULL,NULL,1,'2020-03-22'),(60,2020,1,'POST','    Disconnected sub',' 110',' 210',NULL,NULL,NULL,NULL,NULL,NULL,NULL,NULL,NULL,NULL,1,'2020-03-22'),(61,2020,1,'POST','2G | 3G Prepaid',NULL,NULL,NULL,NULL,NULL,NULL,NULL,NULL,NULL,NULL,NULL,NULL,1,'2020-03-22'),(62,2020,1,'POST','    Active Sub',NULL,NULL,NULL,NULL,NULL,NULL,NULL,NULL,NULL,NULL,NULL,NULL,1,'2020-03-22'),(63,2020,1,'POST','    New Sub',NULL,NULL,NULL,NULL,NULL,NULL,NULL,NULL,NULL,NULL,NULL,NULL,1,'2020-03-22'),(64,2020,1,'POST','    Disconnected sub',NULL,NULL,NULL,NULL,NULL,NULL,NULL,NULL,NULL,NULL,NULL,NULL,1,'2020-03-22'),(65,2020,1,'POST',NULL,NULL,NULL,NULL,NULL,NULL,NULL,NULL,NULL,NULL,NULL,NULL,NULL,1,'2020-03-22'),(66,2020,1,'POST',NULL,NULL,NULL,NULL,NULL,NULL,NULL,NULL,NULL,NULL,NULL,NULL,NULL,1,'2020-03-22'),(67,2020,1,'PRE','4G LTE Postpaid',NULL,NULL,NULL,NULL,NULL,NULL,NULL,NULL,NULL,NULL,NULL,NULL,1,'2020-03-22'),(68,2020,1,'PRE','    Active Sub',NULL,NULL,NULL,NULL,NULL,NULL,NULL,NULL,NULL,NULL,NULL,NULL,1,'2020-03-22'),(69,2020,1,'PRE','    New Sub',NULL,NULL,NULL,NULL,NULL,NULL,NULL,NULL,NULL,NULL,NULL,NULL,1,'2020-03-22'),(70,2020,1,'PRE','    Disconnected sub',NULL,NULL,NULL,NULL,NULL,NULL,NULL,NULL,NULL,NULL,NULL,NULL,1,'2020-03-22'),(71,2020,1,'PRE','4G LTE Prepaid',NULL,NULL,NULL,NULL,NULL,NULL,NULL,NULL,NULL,NULL,NULL,NULL,1,'2020-03-22'),(72,2020,1,'PRE','    Active Sub',NULL,NULL,NULL,NULL,NULL,NULL,NULL,NULL,NULL,NULL,NULL,NULL,1,'2020-03-22'),(73,2020,1,'PRE','    New Sub',NULL,NULL,NULL,NULL,NULL,NULL,NULL,NULL,NULL,NULL,NULL,NULL,1,'2020-03-22'),(74,2020,1,'PRE','    Disconnected sub',' 500',' 550',NULL,NULL,NULL,NULL,NULL,NULL,NULL,NULL,NULL,NULL,1,'2020-03-22'),(75,2020,1,'PRE','2G | 3G Postpaid',NULL,NULL,NULL,NULL,NULL,NULL,NULL,NULL,NULL,NULL,NULL,NULL,1,'2020-03-22'),(76,2020,1,'PRE','    Active Sub',NULL,NULL,NULL,NULL,NULL,NULL,NULL,NULL,NULL,NULL,NULL,NULL,1,'2020-03-22'),(77,2020,1,'PRE','    New Sub',NULL,NULL,NULL,NULL,NULL,NULL,NULL,NULL,NULL,NULL,NULL,NULL,1,'2020-03-22'),(78,2020,1,'PRE','    Disconnected sub',NULL,NULL,NULL,NULL,NULL,NULL,NULL,NULL,NULL,NULL,NULL,NULL,1,'2020-03-22'),(79,2020,1,'PRE','2G | 3G Prepaid',NULL,NULL,NULL,NULL,NULL,NULL,NULL,NULL,NULL,NULL,NULL,NULL,1,'2020-03-22'),(80,2020,1,'PRE','    Active Sub',NULL,NULL,NULL,NULL,NULL,NULL,NULL,NULL,NULL,NULL,NULL,NULL,1,'2020-03-22'),(81,2020,1,'PRE','    New Sub',NULL,NULL,NULL,NULL,NULL,NULL,NULL,NULL,NULL,NULL,NULL,NULL,1,'2020-03-22'),(82,2020,1,'PRE','    Disconnected sub',' 100',' 200',NULL,NULL,NULL,NULL,NULL,NULL,NULL,NULL,NULL,NULL,1,'2020-03-22'),(83,2020,1,'PRE',NULL,NULL,NULL,NULL,NULL,NULL,NULL,NULL,NULL,NULL,NULL,NULL,NULL,1,'2020-03-22'),(84,2020,1,'PRE',NULL,NULL,NULL,NULL,NULL,NULL,NULL,NULL,NULL,NULL,NULL,NULL,NULL,1,'2020-03-22'),(85,2020,1,'PRE',NULL,NULL,NULL,NULL,NULL,NULL,NULL,NULL,NULL,NULL,NULL,NULL,NULL,1,'2020-03-22'),(86,2020,1,'PRE',NULL,NULL,NULL,NULL,NULL,NULL,NULL,NULL,NULL,NULL,NULL,NULL,NULL,1,'2020-03-22'),(87,2020,1,'PRE',NULL,NULL,NULL,NULL,NULL,NULL,NULL,NULL,NULL,NULL,NULL,NULL,NULL,1,'2020-03-22'),(88,2020,1,'PRE',NULL,NULL,NULL,NULL,NULL,NULL,NULL,NULL,NULL,NULL,NULL,NULL,NULL,1,'2020-03-22'),(89,2020,1,'PRE',NULL,NULL,NULL,NULL,NULL,NULL,NULL,NULL,NULL,NULL,NULL,NULL,NULL,1,'2020-03-22'),(90,2020,1,'PRE',NULL,NULL,NULL,NULL,NULL,NULL,NULL,NULL,NULL,NULL,NULL,NULL,NULL,1,'2020-03-22'),(91,2020,1,'PRE',NULL,NULL,NULL,NULL,NULL,NULL,NULL,NULL,NULL,NULL,NULL,NULL,NULL,1,'2020-03-22'),(92,2020,1,'PRE',NULL,NULL,NULL,NULL,NULL,NULL,NULL,NULL,NULL,NULL,NULL,NULL,NULL,1,'2020-03-22'),(93,2020,1,'PRE',NULL,NULL,NULL,NULL,NULL,NULL,NULL,NULL,NULL,NULL,NULL,NULL,NULL,1,'2020-03-22'),(94,2020,1,'PRE',NULL,NULL,NULL,NULL,NULL,NULL,NULL,NULL,NULL,NULL,NULL,NULL,NULL,1,'2020-03-22'),(95,2020,1,'PRE',NULL,NULL,NULL,NULL,NULL,NULL,NULL,NULL,NULL,NULL,NULL,NULL,NULL,1,'2020-03-22'),(96,2020,1,'PRE',NULL,NULL,NULL,NULL,NULL,NULL,NULL,NULL,NULL,NULL,NULL,NULL,NULL,1,'2020-03-22'),(97,2019,1,'POST','4G LTE Postpaid',NULL,NULL,NULL,NULL,NULL,NULL,NULL,NULL,NULL,NULL,NULL,NULL,1,'2020-03-22'),(98,2019,1,'POST','    Active Sub',' 5,476',' 5,501',' 5,643',' 5,703',' 5,814','6010','6057','6084','6129','6116','6241',NULL,1,'2020-03-22'),(99,2019,1,'POST','    New Sub',' 78',' 57',' 88',' 109',' 531','135','82','68','63','62','56',NULL,1,'2020-03-22'),(100,2019,1,'POST','    Disconnected sub',' 166',' 144',' 88',' 226',' 289','65','184','180','183','213','61',NULL,1,'2020-03-22'),(101,2019,1,'POST','4G LTE Prepaid',NULL,NULL,NULL,NULL,NULL,NULL,NULL,NULL,NULL,NULL,NULL,NULL,1,'2020-03-22'),(102,2019,1,'POST','    Active Sub',NULL,NULL,NULL,NULL,NULL,NULL,NULL,NULL,NULL,NULL,NULL,NULL,1,'2020-03-22'),(103,2019,1,'POST','    New Sub',NULL,NULL,NULL,NULL,NULL,NULL,NULL,NULL,NULL,NULL,NULL,NULL,1,'2020-03-22'),(104,2019,1,'POST','    Disconnected sub',NULL,NULL,NULL,NULL,NULL,NULL,NULL,NULL,NULL,NULL,NULL,NULL,1,'2020-03-22'),(105,2019,1,'POST','2G | 3G Postpaid',NULL,NULL,NULL,NULL,NULL,NULL,NULL,NULL,NULL,NULL,NULL,NULL,1,'2020-03-22'),(106,2019,1,'POST','    Active Sub',' 6,861',' 6,765',' 6,720',' 6,612',' 6,523','6467','6367','6307','6246','6182','6172',NULL,1,'2020-03-22'),(107,2019,1,'POST','    New Sub','0',' 3',' 1',' 3','0','0','0','22','10','0','0',NULL,1,'2020-03-22'),(108,2019,1,'POST','    Disconnected sub',' 131',' 135',' 72',' 389',' 532','57','1250','305','131','548','57',NULL,1,'2020-03-22'),(109,2019,1,'POST','2G | 3G Prepaid',NULL,NULL,NULL,NULL,NULL,NULL,NULL,NULL,NULL,NULL,NULL,NULL,1,'2020-03-22'),(110,2019,1,'POST','    Active Sub',NULL,NULL,NULL,NULL,NULL,NULL,NULL,NULL,NULL,NULL,NULL,NULL,1,'2020-03-22'),(111,2019,1,'POST','    New Sub',NULL,NULL,NULL,NULL,NULL,NULL,NULL,NULL,NULL,NULL,NULL,NULL,1,'2020-03-22'),(112,2019,1,'POST','    Disconnected sub',NULL,NULL,NULL,NULL,NULL,NULL,NULL,NULL,NULL,NULL,NULL,NULL,1,'2020-03-22'),(113,2019,1,'POST',NULL,NULL,NULL,NULL,NULL,NULL,NULL,NULL,NULL,NULL,NULL,NULL,NULL,1,'2020-03-22'),(114,2019,1,'POST',NULL,NULL,NULL,NULL,NULL,NULL,NULL,NULL,NULL,NULL,NULL,NULL,NULL,1,'2020-03-22'),(115,2019,1,'POST',NULL,NULL,NULL,NULL,NULL,NULL,NULL,NULL,NULL,NULL,NULL,NULL,NULL,1,'2020-03-22'),(116,2019,1,'POST',NULL,NULL,NULL,NULL,NULL,NULL,NULL,NULL,NULL,NULL,NULL,NULL,NULL,1,'2020-03-22'),(117,2019,1,'POST',NULL,NULL,NULL,NULL,NULL,NULL,NULL,NULL,NULL,NULL,NULL,NULL,NULL,1,'2020-03-22'),(118,2019,1,'POST',NULL,NULL,NULL,NULL,NULL,NULL,NULL,NULL,NULL,NULL,NULL,NULL,NULL,1,'2020-03-22'),(119,2019,1,'PRE','4G LTE Postpaid',NULL,NULL,NULL,NULL,NULL,NULL,NULL,NULL,NULL,NULL,NULL,NULL,1,'2020-03-22'),(120,2019,1,'PRE','    Active Sub',NULL,NULL,NULL,NULL,NULL,NULL,NULL,NULL,NULL,NULL,NULL,NULL,1,'2020-03-22'),(121,2019,1,'PRE','    New Sub',NULL,NULL,NULL,NULL,NULL,NULL,NULL,NULL,NULL,NULL,NULL,NULL,1,'2020-03-22'),(122,2019,1,'PRE','    Disconnected sub',NULL,NULL,NULL,NULL,NULL,NULL,NULL,NULL,NULL,NULL,NULL,NULL,1,'2020-03-22'),(123,2019,1,'PRE','4G LTE Prepaid',NULL,NULL,NULL,NULL,NULL,NULL,NULL,NULL,NULL,NULL,NULL,NULL,1,'2020-03-22'),(124,2019,1,'PRE','    Active Sub',' 226,717',' 236,744',' 246,816',' 253,119',' 257,860',' 262,466','269445','275508','282552','287028','288056',NULL,1,'2020-03-22'),(125,2019,1,'PRE','    New Sub',' 10,433',' 10,550',' 15,615',' 13,946',' 16,386',' 15,370','14133','13039','13810','15542','13084',NULL,1,'2020-03-22'),(126,2019,1,'PRE','    Disconnected sub',' 5,061',' 3,816',' 4,880',' 4,714',' 5,490',' 4,705','4804','4801','4331','6280','4176',NULL,1,'2020-03-22'),(127,2019,1,'PRE','2G | 3G Postpaid',NULL,NULL,NULL,NULL,NULL,NULL,NULL,NULL,NULL,NULL,NULL,NULL,1,'2020-03-22'),(128,2019,1,'PRE','    Active Sub',NULL,NULL,NULL,NULL,NULL,NULL,NULL,NULL,NULL,NULL,NULL,NULL,1,'2020-03-22'),(129,2019,1,'PRE','    New Sub',NULL,NULL,NULL,NULL,NULL,NULL,NULL,NULL,NULL,NULL,NULL,NULL,1,'2020-03-22'),(130,2019,1,'PRE','    Disconnected sub',NULL,NULL,NULL,NULL,NULL,NULL,NULL,NULL,NULL,NULL,NULL,NULL,1,'2020-03-22'),(131,2019,1,'PRE','2G | 3G Prepaid',NULL,NULL,NULL,NULL,NULL,NULL,NULL,NULL,NULL,NULL,NULL,NULL,1,'2020-03-22'),(132,2019,1,'PRE','    Active Sub',' 187,713',' 187,834',' 183,044',' 178,758',' 173,634',' 172,371','165932','161975','157536','153957','150590',NULL,1,'2020-03-22'),(133,2019,1,'PRE','    New Sub',' 349',' 222',' 196',' 250',' 235',' 213','106','60','39','35','26',NULL,1,'2020-03-22'),(134,2019,1,'PRE','    Disconnected sub',' 2,700',' 1,939',' 2,477',' 2,294',' 2,715',' 2,007','2127','1884','1671','2312','1246',NULL,1,'2020-03-22'),(135,2019,1,'PRE',NULL,NULL,NULL,NULL,NULL,NULL,NULL,NULL,NULL,NULL,NULL,NULL,NULL,1,'2020-03-22'),(136,2019,1,'PRE',NULL,NULL,NULL,NULL,NULL,NULL,NULL,NULL,NULL,NULL,NULL,NULL,NULL,1,'2020-03-22'),(137,2019,1,'PRE',NULL,NULL,NULL,NULL,NULL,NULL,NULL,NULL,NULL,NULL,NULL,NULL,NULL,1,'2020-03-22'),(138,2019,1,'PRE',NULL,NULL,NULL,NULL,NULL,NULL,NULL,NULL,NULL,NULL,NULL,NULL,NULL,1,'2020-03-22'),(139,2019,1,'PRE',NULL,NULL,NULL,NULL,NULL,NULL,NULL,NULL,NULL,NULL,NULL,NULL,NULL,1,'2020-03-22'),(140,2019,1,'PRE',NULL,NULL,NULL,NULL,NULL,NULL,NULL,NULL,NULL,NULL,NULL,NULL,NULL,1,'2020-03-22'),(141,2019,1,'PRE',NULL,NULL,NULL,NULL,NULL,NULL,NULL,NULL,NULL,NULL,NULL,NULL,NULL,1,'2020-03-22'),(142,2019,1,'PRE',NULL,NULL,NULL,NULL,NULL,NULL,NULL,NULL,NULL,NULL,NULL,NULL,NULL,1,'2020-03-22'),(143,2019,1,'PRE',NULL,NULL,NULL,NULL,NULL,NULL,NULL,NULL,NULL,NULL,NULL,NULL,NULL,1,'2020-03-22'),(144,2019,1,'PRE',NULL,NULL,NULL,NULL,NULL,NULL,NULL,NULL,NULL,NULL,NULL,NULL,NULL,1,'2020-03-22'),(145,2019,1,'PRE',NULL,NULL,NULL,NULL,NULL,NULL,NULL,NULL,NULL,NULL,NULL,NULL,NULL,1,'2020-03-22'),(146,2019,1,'PRE',NULL,NULL,NULL,NULL,NULL,NULL,NULL,NULL,NULL,NULL,NULL,NULL,NULL,1,'2020-03-22'),(147,2019,1,'PRE',NULL,NULL,NULL,NULL,NULL,NULL,NULL,NULL,NULL,NULL,NULL,NULL,NULL,1,'2020-03-22'),(148,2019,1,'PRE',NULL,NULL,NULL,NULL,NULL,NULL,NULL,NULL,NULL,NULL,NULL,NULL,NULL,1,'2020-03-22'),(149,2020,11,'POST','4G LTE Postpaid',NULL,NULL,NULL,NULL,NULL,NULL,NULL,NULL,NULL,NULL,NULL,NULL,1,'2020-03-22'),(150,2020,11,'POST','    Active Sub',' 5,476',' 5,501',' 5,643',' 5,703',' 5,814','6010','6057','6084','6129','6116','6241',NULL,1,'2020-03-22'),(151,2020,11,'POST','    New Sub',' 78',' 57',' 88',' 109',' 531','135','82','68','63','62','56',NULL,1,'2020-03-22'),(152,2020,11,'POST','    Disconnected sub',' 166',' 144',' 88',' 226',' 289','65','184','180','183','213','61',NULL,1,'2020-03-22'),(153,2020,11,'POST','4G LTE Prepaid',NULL,NULL,NULL,NULL,NULL,NULL,NULL,NULL,NULL,NULL,NULL,NULL,1,'2020-03-22'),(154,2020,11,'POST','    Active Sub',NULL,NULL,NULL,NULL,NULL,NULL,NULL,NULL,NULL,NULL,NULL,NULL,1,'2020-03-22'),(155,2020,11,'POST','    New Sub',NULL,NULL,NULL,NULL,NULL,NULL,NULL,NULL,NULL,NULL,NULL,NULL,1,'2020-03-22'),(156,2020,11,'POST','    Disconnected sub',NULL,NULL,NULL,NULL,NULL,NULL,NULL,NULL,NULL,NULL,NULL,NULL,1,'2020-03-22'),(157,2020,11,'POST','2G | 3G Postpaid',NULL,NULL,NULL,NULL,NULL,NULL,NULL,NULL,NULL,NULL,NULL,NULL,1,'2020-03-22'),(158,2020,11,'POST','    Active Sub',' 6,861',' 6,765',' 6,720',' 6,612',' 6,523','6467','6367','6307','6246','6182','6172',NULL,1,'2020-03-22'),(159,2020,11,'POST','    New Sub','0',' 3',' 1',' 3','0','0','0','22','10','0','0',NULL,1,'2020-03-22'),(160,2020,11,'POST','    Disconnected sub',' 131',' 135',' 72',' 389',' 532','57','1250','305','131','548','57',NULL,1,'2020-03-22'),(161,2020,11,'POST','2G | 3G Prepaid',NULL,NULL,NULL,NULL,NULL,NULL,NULL,NULL,NULL,NULL,NULL,NULL,1,'2020-03-22'),(162,2020,11,'POST','    Active Sub',NULL,NULL,NULL,NULL,NULL,NULL,NULL,NULL,NULL,NULL,NULL,NULL,1,'2020-03-22'),(163,2020,11,'POST','    New Sub',NULL,NULL,NULL,NULL,NULL,NULL,NULL,NULL,NULL,NULL,NULL,NULL,1,'2020-03-22'),(164,2020,11,'POST','    Disconnected sub',NULL,NULL,NULL,NULL,NULL,NULL,NULL,NULL,NULL,NULL,NULL,NULL,1,'2020-03-22'),(165,2020,11,'POST',NULL,NULL,NULL,NULL,NULL,NULL,NULL,NULL,NULL,NULL,NULL,NULL,NULL,1,'2020-03-22'),(166,2020,11,'POST',NULL,NULL,NULL,NULL,NULL,NULL,NULL,NULL,NULL,NULL,NULL,NULL,NULL,1,'2020-03-22'),(167,2020,11,'POST',NULL,NULL,NULL,NULL,NULL,NULL,NULL,NULL,NULL,NULL,NULL,NULL,NULL,1,'2020-03-22'),(168,2020,11,'POST',NULL,NULL,NULL,NULL,NULL,NULL,NULL,NULL,NULL,NULL,NULL,NULL,NULL,1,'2020-03-22'),(169,2020,11,'POST',NULL,NULL,NULL,NULL,NULL,NULL,NULL,NULL,NULL,NULL,NULL,NULL,NULL,1,'2020-03-22'),(170,2020,11,'POST',NULL,NULL,NULL,NULL,NULL,NULL,NULL,NULL,NULL,NULL,NULL,NULL,NULL,1,'2020-03-22'),(171,2020,11,'PRE','4G LTE Postpaid',NULL,NULL,NULL,NULL,NULL,NULL,NULL,NULL,NULL,NULL,NULL,NULL,1,'2020-03-22'),(172,2020,11,'PRE','    Active Sub',NULL,NULL,NULL,NULL,NULL,NULL,NULL,NULL,NULL,NULL,NULL,NULL,1,'2020-03-22'),(173,2020,11,'PRE','    New Sub',NULL,NULL,NULL,NULL,NULL,NULL,NULL,NULL,NULL,NULL,NULL,NULL,1,'2020-03-22'),(174,2020,11,'PRE','    Disconnected sub',NULL,NULL,NULL,NULL,NULL,NULL,NULL,NULL,NULL,NULL,NULL,NULL,1,'2020-03-22'),(175,2020,11,'PRE','4G LTE Prepaid',NULL,NULL,NULL,NULL,NULL,NULL,NULL,NULL,NULL,NULL,NULL,NULL,1,'2020-03-22'),(176,2020,11,'PRE','    Active Sub',' 226,717',' 236,744',' 246,816',' 253,119',' 257,860',' 262,466','269445','275508','282552','287028','288056',NULL,1,'2020-03-22'),(177,2020,11,'PRE','    New Sub',' 10,433',' 10,550',' 15,615',' 13,946',' 16,386',' 15,370','14133','13039','13810','15542','13084',NULL,1,'2020-03-22'),(178,2020,11,'PRE','    Disconnected sub',' 5,061',' 3,816',' 4,880',' 4,714',' 5,490',' 4,705','4804','4801','4331','6280','4176',NULL,1,'2020-03-22'),(179,2020,11,'PRE','2G | 3G Postpaid',NULL,NULL,NULL,NULL,NULL,NULL,NULL,NULL,NULL,NULL,NULL,NULL,1,'2020-03-22'),(180,2020,11,'PRE','    Active Sub',NULL,NULL,NULL,NULL,NULL,NULL,NULL,NULL,NULL,NULL,NULL,NULL,1,'2020-03-22'),(181,2020,11,'PRE','    New Sub',NULL,NULL,NULL,NULL,NULL,NULL,NULL,NULL,NULL,NULL,NULL,NULL,1,'2020-03-22'),(182,2020,11,'PRE','    Disconnected sub',NULL,NULL,NULL,NULL,NULL,NULL,NULL,NULL,NULL,NULL,NULL,NULL,1,'2020-03-22'),(183,2020,11,'PRE','2G | 3G Prepaid',NULL,NULL,NULL,NULL,NULL,NULL,NULL,NULL,NULL,NULL,NULL,NULL,1,'2020-03-22'),(184,2020,11,'PRE','    Active Sub',' 187,713',' 187,834',' 183,044',' 178,758',' 173,634',' 172,371','165932','161975','157536','153957','150590',NULL,1,'2020-03-22'),(185,2020,11,'PRE','    New Sub',' 349',' 222',' 196',' 250',' 235',' 213','106','60','39','35','26',NULL,1,'2020-03-22'),(186,2020,11,'PRE','    Disconnected sub',' 2,700',' 1,939',' 2,477',' 2,294',' 2,715',' 2,007','2127','1884','1671','2312','1246',NULL,1,'2020-03-22'),(187,2020,11,'PRE',NULL,NULL,NULL,NULL,NULL,NULL,NULL,NULL,NULL,NULL,NULL,NULL,NULL,1,'2020-03-22'),(188,2020,11,'PRE',NULL,NULL,NULL,NULL,NULL,NULL,NULL,NULL,NULL,NULL,NULL,NULL,NULL,1,'2020-03-22'),(189,2020,11,'PRE',NULL,NULL,NULL,NULL,NULL,NULL,NULL,NULL,NULL,NULL,NULL,NULL,NULL,1,'2020-03-22'),(190,2020,11,'PRE',NULL,NULL,NULL,NULL,NULL,NULL,NULL,NULL,NULL,NULL,NULL,NULL,NULL,1,'2020-03-22'),(191,2020,11,'PRE',NULL,NULL,NULL,NULL,NULL,NULL,NULL,NULL,NULL,NULL,NULL,NULL,NULL,1,'2020-03-22'),(192,2020,11,'PRE',NULL,NULL,NULL,NULL,NULL,NULL,NULL,NULL,NULL,NULL,NULL,NULL,NULL,1,'2020-03-22'),(193,2020,11,'PRE',NULL,NULL,NULL,NULL,NULL,NULL,NULL,NULL,NULL,NULL,NULL,NULL,NULL,1,'2020-03-22'),(194,2020,11,'PRE',NULL,NULL,NULL,NULL,NULL,NULL,NULL,NULL,NULL,NULL,NULL,NULL,NULL,1,'2020-03-22'),(195,2020,11,'PRE',NULL,NULL,NULL,NULL,NULL,NULL,NULL,NULL,NULL,NULL,NULL,NULL,NULL,1,'2020-03-22'),(196,2020,11,'PRE',NULL,NULL,NULL,NULL,NULL,NULL,NULL,NULL,NULL,NULL,NULL,NULL,NULL,1,'2020-03-22'),(197,2020,11,'PRE',NULL,NULL,NULL,NULL,NULL,NULL,NULL,NULL,NULL,NULL,NULL,NULL,NULL,1,'2020-03-22'),(198,2020,11,'PRE',NULL,NULL,NULL,NULL,NULL,NULL,NULL,NULL,NULL,NULL,NULL,NULL,NULL,1,'2020-03-22'),(199,2020,11,'PRE',NULL,NULL,NULL,NULL,NULL,NULL,NULL,NULL,NULL,NULL,NULL,NULL,NULL,1,'2020-03-22'),(200,2020,11,'PRE',NULL,NULL,NULL,NULL,NULL,NULL,NULL,NULL,NULL,NULL,NULL,NULL,NULL,1,'2020-03-22'),(201,2020,12,'POST','4G LTE Postpaid',NULL,NULL,NULL,NULL,NULL,NULL,NULL,NULL,NULL,NULL,NULL,NULL,1,'2020-03-22'),(202,2020,12,'POST','    Active Sub',' 5,476',' 5,501',' 5,643',' 5,703',' 5,814','6010','6057','6084','6129','6116','6241',NULL,1,'2020-03-22'),(203,2020,12,'POST','    New Sub',' 78',' 57',' 88',' 109',' 531','135','82','68','63','62','56',NULL,1,'2020-03-22'),(204,2020,12,'POST','    Disconnected sub',' 166',' 144',' 88',' 226',' 289','65','184','180','183','213','61',NULL,1,'2020-03-22'),(205,2020,12,'POST','4G LTE Prepaid',NULL,NULL,NULL,NULL,NULL,NULL,NULL,NULL,NULL,NULL,NULL,NULL,1,'2020-03-22'),(206,2020,12,'POST','    Active Sub',NULL,NULL,NULL,NULL,NULL,NULL,NULL,NULL,NULL,NULL,NULL,NULL,1,'2020-03-22'),(207,2020,12,'POST','    New Sub',NULL,NULL,NULL,NULL,NULL,NULL,NULL,NULL,NULL,NULL,NULL,NULL,1,'2020-03-22'),(208,2020,12,'POST','    Disconnected sub',NULL,NULL,NULL,NULL,NULL,NULL,NULL,NULL,NULL,NULL,NULL,NULL,1,'2020-03-22'),(209,2020,12,'POST','2G | 3G Postpaid',NULL,NULL,NULL,NULL,NULL,NULL,NULL,NULL,NULL,NULL,NULL,NULL,1,'2020-03-22'),(210,2020,12,'POST','    Active Sub',' 6,861',' 6,765',' 6,720',' 6,612',' 6,523','6467','6367','6307','6246','6182','6172',NULL,1,'2020-03-22'),(211,2020,12,'POST','    New Sub','0',' 3',' 1',' 3','0','0','0','22','10','0','0',NULL,1,'2020-03-22'),(212,2020,12,'POST','    Disconnected sub',' 131',' 135',' 72',' 389',' 532','57','1250','305','131','548','57',NULL,1,'2020-03-22'),(213,2020,12,'POST','2G | 3G Prepaid',NULL,NULL,NULL,NULL,NULL,NULL,NULL,NULL,NULL,NULL,NULL,NULL,1,'2020-03-22'),(214,2020,12,'POST','    Active Sub',NULL,NULL,NULL,NULL,NULL,NULL,NULL,NULL,NULL,NULL,NULL,NULL,1,'2020-03-22'),(215,2020,12,'POST','    New Sub',NULL,NULL,NULL,NULL,NULL,NULL,NULL,NULL,NULL,NULL,NULL,NULL,1,'2020-03-22'),(216,2020,12,'POST','    Disconnected sub',NULL,NULL,NULL,NULL,NULL,NULL,NULL,NULL,NULL,NULL,NULL,NULL,1,'2020-03-22'),(217,2020,12,'POST',NULL,NULL,NULL,NULL,NULL,NULL,NULL,NULL,NULL,NULL,NULL,NULL,NULL,1,'2020-03-22'),(218,2020,12,'POST',NULL,NULL,NULL,NULL,NULL,NULL,NULL,NULL,NULL,NULL,NULL,NULL,NULL,1,'2020-03-22'),(219,2020,12,'POST',NULL,NULL,NULL,NULL,NULL,NULL,NULL,NULL,NULL,NULL,NULL,NULL,NULL,1,'2020-03-22'),(220,2020,12,'POST',NULL,NULL,NULL,NULL,NULL,NULL,NULL,NULL,NULL,NULL,NULL,NULL,NULL,1,'2020-03-22'),(221,2020,12,'POST',NULL,NULL,NULL,NULL,NULL,NULL,NULL,NULL,NULL,NULL,NULL,NULL,NULL,1,'2020-03-22'),(222,2020,12,'POST',NULL,NULL,NULL,NULL,NULL,NULL,NULL,NULL,NULL,NULL,NULL,NULL,NULL,1,'2020-03-22'),(223,2020,12,'PRE','4G LTE Postpaid',NULL,NULL,NULL,NULL,NULL,NULL,NULL,NULL,NULL,NULL,NULL,NULL,1,'2020-03-22'),(224,2020,12,'PRE','    Active Sub',NULL,NULL,NULL,NULL,NULL,NULL,NULL,NULL,NULL,NULL,NULL,NULL,1,'2020-03-22'),(225,2020,12,'PRE','    New Sub',NULL,NULL,NULL,NULL,NULL,NULL,NULL,NULL,NULL,NULL,NULL,NULL,1,'2020-03-22'),(226,2020,12,'PRE','    Disconnected sub',NULL,NULL,NULL,NULL,NULL,NULL,NULL,NULL,NULL,NULL,NULL,NULL,1,'2020-03-22'),(227,2020,12,'PRE','4G LTE Prepaid',NULL,NULL,NULL,NULL,NULL,NULL,NULL,NULL,NULL,NULL,NULL,NULL,1,'2020-03-22'),(228,2020,12,'PRE','    Active Sub',' 226,717',' 236,744',' 246,816',' 253,119',' 257,860',' 262,466','269445','275508','282552','287028','288056',NULL,1,'2020-03-22'),(229,2020,12,'PRE','    New Sub',' 10,433',' 10,550',' 15,615',' 13,946',' 16,386',' 15,370','14133','13039','13810','15542','13084',NULL,1,'2020-03-22'),(230,2020,12,'PRE','    Disconnected sub',' 5,061',' 3,816',' 4,880',' 4,714',' 5,490',' 4,705','4804','4801','4331','6280','4176',NULL,1,'2020-03-22'),(231,2020,12,'PRE','2G | 3G Postpaid',NULL,NULL,NULL,NULL,NULL,NULL,NULL,NULL,NULL,NULL,NULL,NULL,1,'2020-03-22'),(232,2020,12,'PRE','    Active Sub',NULL,NULL,NULL,NULL,NULL,NULL,NULL,NULL,NULL,NULL,NULL,NULL,1,'2020-03-22'),(233,2020,12,'PRE','    New Sub',NULL,NULL,NULL,NULL,NULL,NULL,NULL,NULL,NULL,NULL,NULL,NULL,1,'2020-03-22'),(234,2020,12,'PRE','    Disconnected sub',NULL,NULL,NULL,NULL,NULL,NULL,NULL,NULL,NULL,NULL,NULL,NULL,1,'2020-03-22'),(235,2020,12,'PRE','2G | 3G Prepaid',NULL,NULL,NULL,NULL,NULL,NULL,NULL,NULL,NULL,NULL,NULL,NULL,1,'2020-03-22'),(236,2020,12,'PRE','    Active Sub',' 187,713',' 187,834',' 183,044',' 178,758',' 173,634',' 172,371','165932','161975','157536','153957','150590',NULL,1,'2020-03-22'),(237,2020,12,'PRE','    New Sub',' 349',' 222',' 196',' 250',' 235',' 213','106','60','39','35','26',NULL,1,'2020-03-22'),(238,2020,12,'PRE','    Disconnected sub',' 2,700',' 1,939',' 2,477',' 2,294',' 2,715',' 2,007','2127','1884','1671','2312','1246',NULL,1,'2020-03-22'),(239,2020,12,'PRE',NULL,NULL,NULL,NULL,NULL,NULL,NULL,NULL,NULL,NULL,NULL,NULL,NULL,1,'2020-03-22'),(240,2020,12,'PRE',NULL,NULL,NULL,NULL,NULL,NULL,NULL,NULL,NULL,NULL,NULL,NULL,NULL,1,'2020-03-22'),(241,2020,12,'PRE',NULL,NULL,NULL,NULL,NULL,NULL,NULL,NULL,NULL,NULL,NULL,NULL,NULL,1,'2020-03-22'),(242,2020,12,'PRE',NULL,NULL,NULL,NULL,NULL,NULL,NULL,NULL,NULL,NULL,NULL,NULL,NULL,1,'2020-03-22'),(243,2020,12,'PRE',NULL,NULL,NULL,NULL,NULL,NULL,NULL,NULL,NULL,NULL,NULL,NULL,NULL,1,'2020-03-22'),(244,2020,12,'PRE',NULL,NULL,NULL,NULL,NULL,NULL,NULL,NULL,NULL,NULL,NULL,NULL,NULL,1,'2020-03-22'),(245,2020,12,'PRE',NULL,NULL,NULL,NULL,NULL,NULL,NULL,NULL,NULL,NULL,NULL,NULL,NULL,1,'2020-03-22'),(246,2020,12,'PRE',NULL,NULL,NULL,NULL,NULL,NULL,NULL,NULL,NULL,NULL,NULL,NULL,NULL,1,'2020-03-22'),(247,2020,12,'PRE',NULL,NULL,NULL,NULL,NULL,NULL,NULL,NULL,NULL,NULL,NULL,NULL,NULL,1,'2020-03-22'),(248,2020,12,'PRE',NULL,NULL,NULL,NULL,NULL,NULL,NULL,NULL,NULL,NULL,NULL,NULL,NULL,1,'2020-03-22'),(249,2020,12,'PRE',NULL,NULL,NULL,NULL,NULL,NULL,NULL,NULL,NULL,NULL,NULL,NULL,NULL,1,'2020-03-22'),(250,2020,12,'PRE',NULL,NULL,NULL,NULL,NULL,NULL,NULL,NULL,NULL,NULL,NULL,NULL,NULL,1,'2020-03-22'),(251,2020,12,'PRE',NULL,NULL,NULL,NULL,NULL,NULL,NULL,NULL,NULL,NULL,NULL,NULL,NULL,1,'2020-03-22'),(252,2020,12,'PRE',NULL,NULL,NULL,NULL,NULL,NULL,NULL,NULL,NULL,NULL,NULL,NULL,NULL,1,'2020-03-22');

/*Table structure for table `t_subscriber_bb_postpaid_isp_excel` */

DROP TABLE IF EXISTS `t_subscriber_bb_postpaid_isp_excel`;

CREATE TABLE `t_subscriber_bb_postpaid_isp_excel` (
  `Id` int(5) NOT NULL AUTO_INCREMENT,
  `Year` int(5) DEFAULT NULL,
  `Month` int(2) DEFAULT NULL,
  `Domain` varchar(200) DEFAULT NULL,
  `Address` tinytext,
  `Contact` varchar(100) DEFAULT NULL,
  `Customer_Code` varchar(100) DEFAULT NULL,
  `Customer_Id` varchar(20) DEFAULT NULL,
  `Service_No` varchar(100) DEFAULT NULL,
  `Status` varchar(100) DEFAULT NULL,
  `Package_Name` varchar(50) DEFAULT NULL,
  `User_Id` int(2) DEFAULT NULL,
  `Added_On` date DEFAULT NULL,
  PRIMARY KEY (`Id`)
) ENGINE=InnoDB DEFAULT CHARSET=latin1;

/*Data for the table `t_subscriber_bb_postpaid_isp_excel` */

/*Table structure for table `t_subscriber_bb_prepaid_isp_excel` */

DROP TABLE IF EXISTS `t_subscriber_bb_prepaid_isp_excel`;

CREATE TABLE `t_subscriber_bb_prepaid_isp_excel` (
  `Id` int(5) NOT NULL AUTO_INCREMENT,
  `Year` int(5) DEFAULT NULL,
  `Month` int(2) DEFAULT NULL,
  `Name` varchar(200) DEFAULT NULL,
  `Customer_Group` varchar(100) DEFAULT NULL,
  `Domain` varchar(100) DEFAULT NULL,
  `Address` text,
  `Contact` varchar(20) DEFAULT NULL,
  `Customer_Code` varchar(100) DEFAULT NULL,
  `Service_No` varchar(100) DEFAULT NULL,
  `Status` varchar(50) DEFAULT NULL,
  `User_Id` int(2) DEFAULT NULL,
  `Added_On` date DEFAULT NULL,
  PRIMARY KEY (`Id`)
) ENGINE=InnoDB DEFAULT CHARSET=latin1;

/*Data for the table `t_subscriber_bb_prepaid_isp_excel` */

/*Table structure for table `t_subscriber_bmobile_excel` */

DROP TABLE IF EXISTS `t_subscriber_bmobile_excel`;

CREATE TABLE `t_subscriber_bmobile_excel` (
  `Id` int(5) NOT NULL AUTO_INCREMENT,
  `Year` int(11) DEFAULT NULL,
  `Month` int(2) DEFAULT NULL,
  `File_Date` varchar(20) DEFAULT NULL,
  `Pre_Active` varchar(10) DEFAULT NULL,
  `Pre_Grace` varchar(10) DEFAULT NULL,
  `Pre_Total_Registered` varchar(10) DEFAULT NULL,
  `Post_Active` varchar(10) DEFAULT NULL,
  `Post_Grace` varchar(10) DEFAULT NULL,
  `Post_Total_Registered` varchar(10) DEFAULT NULL,
  `Total_Active` varchar(10) DEFAULT NULL,
  `Total_Grace` varchar(10) DEFAULT NULL,
  `Total_Registered` varchar(10) DEFAULT NULL,
  `User_Id` int(5) DEFAULT NULL,
  `Added_Date` date DEFAULT NULL,
  PRIMARY KEY (`Id`)
) ENGINE=InnoDB AUTO_INCREMENT=153 DEFAULT CHARSET=latin1;

/*Data for the table `t_subscriber_bmobile_excel` */

insert  into `t_subscriber_bmobile_excel`(`Id`,`Year`,`Month`,`File_Date`,`Pre_Active`,`Pre_Grace`,`Pre_Total_Registered`,`Post_Active`,`Post_Grace`,`Post_Total_Registered`,`Total_Active`,`Total_Grace`,`Total_Registered`,`User_Id`,`Added_Date`) values (1,2020,1,'1-Aug-19','20000','1000','21000','1500','400','1900','24200','1400',NULL,1,'2020-03-22'),(2,2020,1,'2-Aug-19','20100','990','21090','1600','380','1980','24400','1370',NULL,1,'2020-03-22'),(3,2020,1,'3-Aug-19','20200','980','21180','1700','360','2060','24600','1340',NULL,1,'2020-03-22'),(4,2020,1,'4-Aug-19','20300','970','21270','1800','340','2140','24800','1310',NULL,1,'2020-03-22'),(5,2020,1,'5-Aug-19','20400','960','21360','1900','320','2220','20400','1280',NULL,1,'2020-03-22'),(6,2020,1,'6-Aug-19','20500','950','21450','2000','300','2300','20500','1250',NULL,1,'2020-03-22'),(7,2020,1,'7-Aug-19','20600','940','21540','2100','280','2380','20600','1220',NULL,1,'2020-03-22'),(8,2020,1,'8-Aug-19','20700','930','21630','2200','260','2460','20700','1190',NULL,1,'2020-03-22'),(9,2020,1,'9-Aug-19','20800','920','21720','2300','240','2540','20800','1160',NULL,1,'2020-03-22'),(10,2020,1,'10-Aug-19','20900','910','21810','2400','220','2620','20900','1130',NULL,1,'2020-03-22'),(11,2020,1,'11-Aug-19','21000','900','21900','2500','200','2700','21000','1100',NULL,1,'2020-03-22'),(12,2020,1,'12-Aug-19','21100','890','21990','2600','180','2780','21100','1070',NULL,1,'2020-03-22'),(13,2020,1,'13-Aug-19','21200','880','22080','2700','160','2860','21200','1040',NULL,1,'2020-03-22'),(14,2020,1,'14-Aug-19','21300','870','22170','2800','140','2940','21300','1010',NULL,1,'2020-03-22'),(15,2020,1,'15-Aug-19','21400','860','22260','2900','120','3020','21400','980',NULL,1,'2020-03-22'),(16,2020,1,'16-Aug-19','21500','850','22350','3000','100','3100','21500','950',NULL,1,'2020-03-22'),(17,2020,1,'17-Aug-19','21600','840','22440','3100','80','3180','21600','920',NULL,1,'2020-03-22'),(18,2020,1,'18-Aug-19','21700','830','22530','3200','60','3260','21700','890',NULL,1,'2020-03-22'),(19,2020,1,'19-Aug-19','21800','820','22620','3300','40','3340','21800','860',NULL,1,'2020-03-22'),(20,2020,1,'20-Aug-19','21900','810','22710','3400','20','3420','21900','830',NULL,1,'2020-03-22'),(21,2020,1,'21-Aug-19','22000','800','22800','3500','0','3500','22000','800',NULL,1,'2020-03-22'),(22,2020,1,'22-Aug-19','22100','790','22890','3600','-20','3580','22100','770',NULL,1,'2020-03-22'),(23,2020,1,'23-Aug-19','22200','780','22980','3700','-40','3660','22200','740',NULL,1,'2020-03-22'),(24,2020,1,'24-Aug-19','22300','770','23070','3800','-60','3740','22300','710',NULL,1,'2020-03-22'),(25,2020,1,'25-Aug-19','22400','760','23160','3900','-80','3820','22400','680',NULL,1,'2020-03-22'),(26,2020,1,'26-Aug-19','22500','750','23250','4000','-100','3900','22500','650',NULL,1,'2020-03-22'),(27,2020,1,'27-Aug-19','22600','740','23340','4100','-120','3980','22600','620',NULL,1,'2020-03-22'),(28,2020,1,'28-Aug-19','22700','730','23430','4200','-140','4060','22700','590',NULL,1,'2020-03-22'),(29,2020,1,'29-Aug-19','22800','720','23520','4300','-160','4140','22800','560',NULL,1,'2020-03-22'),(30,2020,1,'30-Aug-19','22900','710','23610','4400','-180','4220','22900','530',NULL,1,'2020-03-22'),(31,2020,1,'31-Aug-19','23000','700','23700','4500','-200','4300','23000','500',NULL,1,'2020-03-22'),(32,2020,1,'1-Aug-19','20000','1000','21000','1500','400','1900','24200','1400',NULL,1,'2020-03-22'),(33,2020,1,'2-Aug-19','20100','990','21090','1600','380','1980','24400','1370',NULL,1,'2020-03-22'),(34,2020,1,'3-Aug-19','20200','980','21180','1700','360','2060','24600','1340',NULL,1,'2020-03-22'),(35,2020,1,'4-Aug-19','20300','970','21270','1800','340','2140','24800','1310',NULL,1,'2020-03-22'),(36,2020,1,'5-Aug-19','20400','960','21360','1900','320','2220','20400','1280',NULL,1,'2020-03-22'),(37,2020,1,'6-Aug-19','20500','950','21450','2000','300','2300','20500','1250',NULL,1,'2020-03-22'),(38,2020,1,'7-Aug-19','20600','940','21540','2100','280','2380','20600','1220',NULL,1,'2020-03-22'),(39,2020,1,'8-Aug-19','20700','930','21630','2200','260','2460','20700','1190',NULL,1,'2020-03-22'),(40,2020,1,'9-Aug-19','20800','920','21720','2300','240','2540','20800','1160',NULL,1,'2020-03-22'),(41,2020,1,'10-Aug-19','20900','910','21810','2400','220','2620','20900','1130',NULL,1,'2020-03-22'),(42,2020,1,'11-Aug-19','21000','900','21900','2500','200','2700','21000','1100',NULL,1,'2020-03-22'),(43,2020,1,'12-Aug-19','21100','890','21990','2600','180','2780','21100','1070',NULL,1,'2020-03-22'),(44,2020,1,'13-Aug-19','21200','880','22080','2700','160','2860','21200','1040',NULL,1,'2020-03-22'),(45,2020,1,'14-Aug-19','21300','870','22170','2800','140','2940','21300','1010',NULL,1,'2020-03-22'),(46,2020,1,'15-Aug-19','21400','860','22260','2900','120','3020','21400','980',NULL,1,'2020-03-22'),(47,2020,1,'16-Aug-19','21500','850','22350','3000','100','3100','21500','950',NULL,1,'2020-03-22'),(48,2020,1,'17-Aug-19','21600','840','22440','3100','80','3180','21600','920',NULL,1,'2020-03-22'),(49,2020,1,'18-Aug-19','21700','830','22530','3200','60','3260','21700','890',NULL,1,'2020-03-22'),(50,2020,1,'19-Aug-19','21800','820','22620','3300','40','3340','21800','860',NULL,1,'2020-03-22'),(51,2020,1,'20-Aug-19','21900','810','22710','3400','20','3420','21900','830',NULL,1,'2020-03-22'),(52,2020,1,'21-Aug-19','22000','800','22800','3500','0','3500','22000','800',NULL,1,'2020-03-22'),(53,2020,1,'22-Aug-19','22100','790','22890','3600','-20','3580','22100','770',NULL,1,'2020-03-22'),(54,2020,1,'23-Aug-19','22200','780','22980','3700','-40','3660','22200','740',NULL,1,'2020-03-22'),(55,2020,1,'24-Aug-19','22300','770','23070','3800','-60','3740','22300','710',NULL,1,'2020-03-22'),(56,2020,1,'25-Aug-19','22400','760','23160','3900','-80','3820','22400','680',NULL,1,'2020-03-22'),(57,2020,1,'26-Aug-19','22500','750','23250','4000','-100','3900','22500','650',NULL,1,'2020-03-22'),(58,2020,1,'27-Aug-19','22600','740','23340','4100','-120','3980','22600','620',NULL,1,'2020-03-22'),(59,2020,1,'28-Aug-19','22700','730','23430','4200','-140','4060','22700','590',NULL,1,'2020-03-22'),(60,2020,1,'29-Aug-19','22800','720','23520','4300','-160','4140','22800','560',NULL,1,'2020-03-22'),(61,2020,1,'30-Aug-19','22900','710','23610','4400','-180','4220','22900','530',NULL,1,'2020-03-22'),(62,2020,1,'31-Aug-19','23000','700','23700','4500','-200','4300','23000','500',NULL,1,'2020-03-22'),(63,2019,1,'1-Nov-19','398799','44854','443653','10816','1495','12311','409615','46349',NULL,1,'2020-03-22'),(64,2019,1,'2-Nov-19','401059','42183','443242','10831','1491','12322','411890','43674',NULL,1,'2020-03-22'),(65,2019,1,'3-Nov-19','400616','42089','442705','10833','1491','12324','411449','43580',NULL,1,'2020-03-22'),(66,2019,1,'4-Nov-19','400056','42203','442259','10900','1449','12349','410956','43652',NULL,1,'2020-03-22'),(67,2019,1,'5-Nov-19','399124','43308','442432','10936','1435','12371','410060','44743',NULL,1,'2020-03-22'),(68,2019,1,'6-Nov-19','399332','43045','442377','10949','1425','12374','410281','44470',NULL,1,'2020-03-22'),(69,2019,1,'7-Nov-19','399227','42757','441984','11110','1269','12379','410337','44026',NULL,1,'2020-03-22'),(70,2019,1,'8-Nov-19','399227','42619','441846','11129','1260','12389','410356','43879',NULL,1,'2020-03-22'),(71,2019,1,'9-Nov-19','398606','43066','441672','11133','1259','12392','409739','44325',NULL,1,'2020-03-22'),(72,2019,1,'10-Nov-19','398261','42965','441226','11135','1257','12392','409396','44222',NULL,1,'2020-03-22'),(73,2019,1,'11-Nov-19','398261','42531','440792','11135','1257','12392','409396','43788',NULL,1,'2020-03-22'),(74,2019,1,'12-Nov-19','399902','40815','440717','11143','1251','12394','411045','42066',NULL,1,'2020-03-22'),(75,2019,1,'13-Nov-19','399442','41297','440739','11142','1252','12394','410584','42549',NULL,1,'2020-03-22'),(76,2019,1,'14-Nov-19','399158','41502','440660','11183','1220','12403','410341','42722',NULL,1,'2020-03-22'),(77,2019,1,'15-Nov-19','398966','41696','440662','11188','1214','12402','410154','42910',NULL,1,'2020-03-22'),(78,2019,1,'16-Nov-19','398793','41768','440561','11186','1217','12403','409979','42985',NULL,1,'2020-03-22'),(79,2019,1,'17-Nov-19','398338','41985','440323','11185','1219','12404','409523','43204',NULL,1,'2020-03-22'),(80,2019,1,'18-Nov-19','397983','42087','440070','11215','1203','12418','409198','43290',NULL,1,'2020-03-22'),(81,2019,1,'19-Nov-19','396846','43477','440323','11216','1202','12418','408062','44679',NULL,1,'2020-03-22'),(82,2019,1,'20-Nov-19','396601','43502','440103','11206','1218','12424','407807','44720',NULL,1,'2020-03-22'),(83,2019,1,'21-Nov-19','396590','43473','440063','10808','1614','12422','407398','45087',NULL,1,'2020-03-22'),(84,2019,1,'22-Nov-19','396791','43304','440095','10917','1508','12425','407708','44812',NULL,1,'2020-03-22'),(85,2019,1,'23-Nov-19','396730','43428','440158','10947','1478','12425','407677','44906',NULL,1,'2020-03-22'),(86,2019,1,'24-Nov-19','394217','45727','439944','10948','1477','12425','405165','47204',NULL,1,'2020-03-22'),(87,2019,1,'25-Nov-19','394677','45219','439896','10968','1457','12425','405645','46676',NULL,1,'2020-03-22'),(88,2019,1,'26-Nov-19','395438','44671','440109','11004','1422','12426','406442','46093',NULL,1,'2020-03-22'),(89,2019,1,'27-Nov-19','396238','43897','440135','11016','1425','12441','407254','45322',NULL,1,'2020-03-22'),(90,2019,1,'28-Nov-19','397429','42699','440128','11041','1401','12442','408470','44100',NULL,1,'2020-03-22'),(91,2019,1,'29-Nov-19','398197','41980','440177','11043','1375','12418','409240','43355',NULL,1,'2020-03-22'),(92,2019,1,'30-Nov-19','398674','41409','440083','11049','1364','12413','409723','42773',NULL,1,'2020-03-22'),(93,2020,11,'1-Nov-19','398799','44854','443653','10816','1495','12311','409615','46349',NULL,1,'2020-03-22'),(94,2020,11,'2-Nov-19','401059','42183','443242','10831','1491','12322','411890','43674',NULL,1,'2020-03-22'),(95,2020,11,'3-Nov-19','400616','42089','442705','10833','1491','12324','411449','43580',NULL,1,'2020-03-22'),(96,2020,11,'4-Nov-19','400056','42203','442259','10900','1449','12349','410956','43652',NULL,1,'2020-03-22'),(97,2020,11,'5-Nov-19','399124','43308','442432','10936','1435','12371','410060','44743',NULL,1,'2020-03-22'),(98,2020,11,'6-Nov-19','399332','43045','442377','10949','1425','12374','410281','44470',NULL,1,'2020-03-22'),(99,2020,11,'7-Nov-19','399227','42757','441984','11110','1269','12379','410337','44026',NULL,1,'2020-03-22'),(100,2020,11,'8-Nov-19','399227','42619','441846','11129','1260','12389','410356','43879',NULL,1,'2020-03-22'),(101,2020,11,'9-Nov-19','398606','43066','441672','11133','1259','12392','409739','44325',NULL,1,'2020-03-22'),(102,2020,11,'10-Nov-19','398261','42965','441226','11135','1257','12392','409396','44222',NULL,1,'2020-03-22'),(103,2020,11,'11-Nov-19','398261','42531','440792','11135','1257','12392','409396','43788',NULL,1,'2020-03-22'),(104,2020,11,'12-Nov-19','399902','40815','440717','11143','1251','12394','411045','42066',NULL,1,'2020-03-22'),(105,2020,11,'13-Nov-19','399442','41297','440739','11142','1252','12394','410584','42549',NULL,1,'2020-03-22'),(106,2020,11,'14-Nov-19','399158','41502','440660','11183','1220','12403','410341','42722',NULL,1,'2020-03-22'),(107,2020,11,'15-Nov-19','398966','41696','440662','11188','1214','12402','410154','42910',NULL,1,'2020-03-22'),(108,2020,11,'16-Nov-19','398793','41768','440561','11186','1217','12403','409979','42985',NULL,1,'2020-03-22'),(109,2020,11,'17-Nov-19','398338','41985','440323','11185','1219','12404','409523','43204',NULL,1,'2020-03-22'),(110,2020,11,'18-Nov-19','397983','42087','440070','11215','1203','12418','409198','43290',NULL,1,'2020-03-22'),(111,2020,11,'19-Nov-19','396846','43477','440323','11216','1202','12418','408062','44679',NULL,1,'2020-03-22'),(112,2020,11,'20-Nov-19','396601','43502','440103','11206','1218','12424','407807','44720',NULL,1,'2020-03-22'),(113,2020,11,'21-Nov-19','396590','43473','440063','10808','1614','12422','407398','45087',NULL,1,'2020-03-22'),(114,2020,11,'22-Nov-19','396791','43304','440095','10917','1508','12425','407708','44812',NULL,1,'2020-03-22'),(115,2020,11,'23-Nov-19','396730','43428','440158','10947','1478','12425','407677','44906',NULL,1,'2020-03-22'),(116,2020,11,'24-Nov-19','394217','45727','439944','10948','1477','12425','405165','47204',NULL,1,'2020-03-22'),(117,2020,11,'25-Nov-19','394677','45219','439896','10968','1457','12425','405645','46676',NULL,1,'2020-03-22'),(118,2020,11,'26-Nov-19','395438','44671','440109','11004','1422','12426','406442','46093',NULL,1,'2020-03-22'),(119,2020,11,'27-Nov-19','396238','43897','440135','11016','1425','12441','407254','45322',NULL,1,'2020-03-22'),(120,2020,11,'28-Nov-19','397429','42699','440128','11041','1401','12442','408470','44100',NULL,1,'2020-03-22'),(121,2020,11,'29-Nov-19','398197','41980','440177','11043','1375','12418','409240','43355',NULL,1,'2020-03-22'),(122,2020,11,'30-Nov-19','398674','41409','440083','11049','1364','12413','409723','42773',NULL,1,'2020-03-22'),(123,2020,12,'1-Nov-19','398799','44854','443653','10816','1495','12311','409615','46349',NULL,1,'2020-03-22'),(124,2020,12,'2-Nov-19','401059','42183','443242','10831','1491','12322','411890','43674',NULL,1,'2020-03-22'),(125,2020,12,'3-Nov-19','400616','42089','442705','10833','1491','12324','411449','43580',NULL,1,'2020-03-22'),(126,2020,12,'4-Nov-19','400056','42203','442259','10900','1449','12349','410956','43652',NULL,1,'2020-03-22'),(127,2020,12,'5-Nov-19','399124','43308','442432','10936','1435','12371','410060','44743',NULL,1,'2020-03-22'),(128,2020,12,'6-Nov-19','399332','43045','442377','10949','1425','12374','410281','44470',NULL,1,'2020-03-22'),(129,2020,12,'7-Nov-19','399227','42757','441984','11110','1269','12379','410337','44026',NULL,1,'2020-03-22'),(130,2020,12,'8-Nov-19','399227','42619','441846','11129','1260','12389','410356','43879',NULL,1,'2020-03-22'),(131,2020,12,'9-Nov-19','398606','43066','441672','11133','1259','12392','409739','44325',NULL,1,'2020-03-22'),(132,2020,12,'10-Nov-19','398261','42965','441226','11135','1257','12392','409396','44222',NULL,1,'2020-03-22'),(133,2020,12,'11-Nov-19','398261','42531','440792','11135','1257','12392','409396','43788',NULL,1,'2020-03-22'),(134,2020,12,'12-Nov-19','399902','40815','440717','11143','1251','12394','411045','42066',NULL,1,'2020-03-22'),(135,2020,12,'13-Nov-19','399442','41297','440739','11142','1252','12394','410584','42549',NULL,1,'2020-03-22'),(136,2020,12,'14-Nov-19','399158','41502','440660','11183','1220','12403','410341','42722',NULL,1,'2020-03-22'),(137,2020,12,'15-Nov-19','398966','41696','440662','11188','1214','12402','410154','42910',NULL,1,'2020-03-22'),(138,2020,12,'16-Nov-19','398793','41768','440561','11186','1217','12403','409979','42985',NULL,1,'2020-03-22'),(139,2020,12,'17-Nov-19','398338','41985','440323','11185','1219','12404','409523','43204',NULL,1,'2020-03-22'),(140,2020,12,'18-Nov-19','397983','42087','440070','11215','1203','12418','409198','43290',NULL,1,'2020-03-22'),(141,2020,12,'19-Nov-19','396846','43477','440323','11216','1202','12418','408062','44679',NULL,1,'2020-03-22'),(142,2020,12,'20-Nov-19','396601','43502','440103','11206','1218','12424','407807','44720',NULL,1,'2020-03-22'),(143,2020,12,'21-Nov-19','396590','43473','440063','10808','1614','12422','407398','45087',NULL,1,'2020-03-22'),(144,2020,12,'22-Nov-19','396791','43304','440095','10917','1508','12425','407708','44812',NULL,1,'2020-03-22'),(145,2020,12,'23-Nov-19','396730','43428','440158','10947','1478','12425','407677','44906',NULL,1,'2020-03-22'),(146,2020,12,'24-Nov-19','394217','45727','439944','10948','1477','12425','405165','47204',NULL,1,'2020-03-22'),(147,2020,12,'25-Nov-19','394677','45219','439896','10968','1457','12425','405645','46676',NULL,1,'2020-03-22'),(148,2020,12,'26-Nov-19','395438','44671','440109','11004','1422','12426','406442','46093',NULL,1,'2020-03-22'),(149,2020,12,'27-Nov-19','396238','43897','440135','11016','1425','12441','407254','45322',NULL,1,'2020-03-22'),(150,2020,12,'28-Nov-19','397429','42699','440128','11041','1401','12442','408470','44100',NULL,1,'2020-03-22'),(151,2020,12,'29-Nov-19','398197','41980','440177','11043','1375','12418','409240','43355',NULL,1,'2020-03-22'),(152,2020,12,'30-Nov-19','398674','41409','440083','11049','1364','12413','409723','42773',NULL,1,'2020-03-22');

/*Table structure for table `t_subscriber_bmobile_main` */

DROP TABLE IF EXISTS `t_subscriber_bmobile_main`;

CREATE TABLE `t_subscriber_bmobile_main` (
  `Id` int(5) NOT NULL AUTO_INCREMENT,
  `Year` int(5) DEFAULT NULL,
  `Month` int(2) DEFAULT NULL,
  `Prepaid_Active` varchar(10) DEFAULT NULL,
  `Prepaid_Passive` varchar(10) DEFAULT NULL,
  `Prepaid_Total` varchar(10) DEFAULT NULL,
  `Post_Active` varchar(10) DEFAULT NULL,
  `Post_Passive` varchar(10) DEFAULT NULL,
  `Post_Total` varchar(10) DEFAULT NULL,
  `Total_Active` varchar(10) DEFAULT NULL,
  `Total_Registered` varchar(10) DEFAULT NULL,
  `Disconnected` varchar(10) DEFAULT NULL,
  `Churn_Rate` varchar(10) DEFAULT NULL,
  `HLR` varchar(10) DEFAULT NULL,
  `HLR_Attachment` varchar(200) DEFAULT NULL,
  `Added_Date` date DEFAULT NULL,
  `User_Id` int(5) DEFAULT NULL,
  PRIMARY KEY (`Id`)
) ENGINE=InnoDB AUTO_INCREMENT=8 DEFAULT CHARSET=latin1;

/*Data for the table `t_subscriber_bmobile_main` */

insert  into `t_subscriber_bmobile_main`(`Id`,`Year`,`Month`,`Prepaid_Active`,`Prepaid_Passive`,`Prepaid_Total`,`Post_Active`,`Post_Passive`,`Post_Total`,`Total_Active`,`Total_Registered`,`Disconnected`,`Churn_Rate`,`HLR`,`HLR_Attachment`,`Added_Date`,`User_Id`) values (1,2020,1,NULL,NULL,NULL,NULL,NULL,NULL,'2000',NULL,NULL,NULL,NULL,NULL,NULL,NULL),(2,2029,2,NULL,NULL,NULL,NULL,NULL,NULL,'6521',NULL,NULL,NULL,NULL,NULL,NULL,NULL),(3,2020,1,'21500','850','22350','3000','100','3100','22061.2903','25450','909','0.03571709','2323','Mobile HLR subs.docx','2020-03-22',NULL),(4,2020,1,'21500','850','22350','3000','100','3100','22061.2903','25450','909','0.03571709','230','Mobile HLR subs.docx','2020-03-22',NULL),(5,2019,1,'398119.266','42851.8666','440971.133','11043.7333','1353.5','12397.2333','409163','453368.366','1165','0.00256965','56','Revenue Feb 2019-3.xlsx','2020-03-22',NULL),(6,2020,11,'398119.266','42851.8666','440971.133','11043.7333','1353.5','12397.2333','409163','453368.366','469765','1.03616624','4654','Fixed Line subscriber 2019.xlsx','2020-03-22',NULL),(7,2020,12,'398119.266','42851.8666','440971.133','11043.7333','1353.5','12397.2333','409163','453368.366','0','0','12336','revenue Mar 2019.xlsx','2020-03-22',NULL);

/*Table structure for table `t_subscriber_fixed_line_main` */

DROP TABLE IF EXISTS `t_subscriber_fixed_line_main`;

CREATE TABLE `t_subscriber_fixed_line_main` (
  `Id` int(5) NOT NULL AUTO_INCREMENT,
  `Year` int(5) DEFAULT NULL,
  `Month` int(2) DEFAULT NULL,
  `Subscriber` varchar(100) DEFAULT NULL,
  `User_Id` int(5) DEFAULT NULL,
  `Added_On` date DEFAULT NULL,
  PRIMARY KEY (`Id`)
) ENGINE=InnoDB AUTO_INCREMENT=5 DEFAULT CHARSET=latin1;

/*Data for the table `t_subscriber_fixed_line_main` */

insert  into `t_subscriber_fixed_line_main`(`Id`,`Year`,`Month`,`Subscriber`,`User_Id`,`Added_On`) values (1,2019,1,'23',NULL,NULL),(3,202,1,'22077',1,'2020-03-22'),(4,2020,2,'22121',1,'2020-03-22');

/*Table structure for table `t_subscriber_fl_excel` */

DROP TABLE IF EXISTS `t_subscriber_fl_excel`;

CREATE TABLE `t_subscriber_fl_excel` (
  `Id` int(5) NOT NULL AUTO_INCREMENT,
  `Year` int(5) DEFAULT NULL,
  `Month` int(2) DEFAULT NULL,
  `Dzongkhag` varchar(50) DEFAULT NULL,
  `Jan` varchar(10) DEFAULT NULL,
  `Feb` varchar(10) DEFAULT NULL,
  `March` varchar(10) DEFAULT NULL,
  `Aprl` varchar(10) DEFAULT NULL,
  `May` varchar(10) DEFAULT NULL,
  `Jun` varchar(10) DEFAULT NULL,
  `July` varchar(10) DEFAULT NULL,
  `Aug` varchar(10) DEFAULT NULL,
  `Sep` varchar(10) DEFAULT NULL,
  `Oct` varchar(10) DEFAULT NULL,
  `Nov` varchar(10) DEFAULT NULL,
  `Dec` varchar(10) DEFAULT NULL,
  `User_Id` int(2) DEFAULT NULL,
  `Added_On` date DEFAULT NULL,
  PRIMARY KEY (`Id`)
) ENGINE=InnoDB AUTO_INCREMENT=41 DEFAULT CHARSET=latin1;

/*Data for the table `t_subscriber_fl_excel` */

insert  into `t_subscriber_fl_excel`(`Id`,`Year`,`Month`,`Dzongkhag`,`Jan`,`Feb`,`March`,`Aprl`,`May`,`Jun`,`July`,`Aug`,`Sep`,`Oct`,`Nov`,`Dec`,`User_Id`,`Added_On`) values (1,202,1,'Thimphu','10569','10601','10636','10674','10742','10781','10759','10925','10823','11074','11137','0',1,'2020-03-22'),(2,202,1,'Punakha','374','374','376','377','378','382','380','380','379','270','272','0',1,'2020-03-22'),(3,202,1,'Wangduephodrang','788','792','795','781','770','771','754','755','727','732','733','0',1,'2020-03-22'),(4,202,1,'Gasa','73','73','73','74','75','75','76','76','76','76','76','0',1,'2020-03-22'),(5,202,1,'Paro','1627','1636','1649','1657','1656','1664','1659','1661','1662','1656','1624','0',1,'2020-03-22'),(6,202,1,'Haa','289','289','289','291','284','287','287','290','288','289','289','0',1,'2020-03-22'),(7,202,1,'Trongsa','377','378','378','378','378','379','379','379','375','378','378','0',1,'2020-03-22'),(8,202,1,'Bumthang','611','614','586','571','570','570','568','568','565','553','553','0',1,'2020-03-22'),(9,202,1,'Zhemgang','292','292','293','294','292','293','294','295','296','296','296','0',1,'2020-03-22'),(10,202,1,'Sarpang','987','986','980','984','985','993','990','986','989','982','978','0',1,'2020-03-22'),(11,202,1,'Tsirang','222','223','225','227','229','228','227','225','225','225','225','0',1,'2020-03-22'),(12,202,1,'Dagana','173','173','172','172','171','169','169','169','169','169','170','0',1,'2020-03-22'),(13,202,1,'Trashigang','635','625','626','625','623','617','612','614','596','598','599','0',1,'2020-03-22'),(14,202,1,'Tashi Yangtse','189','189','189','189','189','189','189','189','189','189','190','0',1,'2020-03-22'),(15,202,1,'Mongar','552','549','553','546','541','536','532','531','529','532','533','0',1,'2020-03-22'),(16,202,1,'Lhuntse','134','135','134','135','135','138','140','140','140','141','141','0',1,'2020-03-22'),(17,202,1,'Samdrupjonkhar','932','935','940','942','953','954','953','940','965','967','968','0',1,'2020-03-22'),(18,202,1,'Pema Gatshel','214','214','215','215','215','215','215','215','216','216','216','0',1,'2020-03-22'),(19,202,1,'Chukha','2478','2481','2489','2489','2490','2488','2498','2504','2504','2514','2516','0',1,'2020-03-22'),(20,202,1,'Samtse','561','562','563','563','560','560','560','519','516','516','516','0',1,'2020-03-22'),(21,2020,2,'Thimphu','10569','10601','10636','10674','10742','10781','10759','10925','10823','11074','11137','0',1,'2020-03-22'),(22,2020,2,'Punakha','374','374','376','377','378','382','380','380','379','270','272','0',1,'2020-03-22'),(23,2020,2,'Wangduephodrang','788','792','795','781','770','771','754','755','727','732','733','0',1,'2020-03-22'),(24,2020,2,'Gasa','73','73','73','74','75','75','76','76','76','76','76','0',1,'2020-03-22'),(25,2020,2,'Paro','1627','1636','1649','1657','1656','1664','1659','1661','1662','1656','1624','0',1,'2020-03-22'),(26,2020,2,'Haa','289','289','289','291','284','287','287','290','288','289','289','0',1,'2020-03-22'),(27,2020,2,'Trongsa','377','378','378','378','378','379','379','379','375','378','378','0',1,'2020-03-22'),(28,2020,2,'Bumthang','611','614','586','571','570','570','568','568','565','553','553','0',1,'2020-03-22'),(29,2020,2,'Zhemgang','292','292','293','294','292','293','294','295','296','296','296','0',1,'2020-03-22'),(30,2020,2,'Sarpang','987','986','980','984','985','993','990','986','989','982','978','0',1,'2020-03-22'),(31,2020,2,'Tsirang','222','223','225','227','229','228','227','225','225','225','225','0',1,'2020-03-22'),(32,2020,2,'Dagana','173','173','172','172','171','169','169','169','169','169','170','0',1,'2020-03-22'),(33,2020,2,'Trashigang','635','625','626','625','623','617','612','614','596','598','599','0',1,'2020-03-22'),(34,2020,2,'Tashi Yangtse','189','189','189','189','189','189','189','189','189','189','190','0',1,'2020-03-22'),(35,2020,2,'Mongar','552','549','553','546','541','536','532','531','529','532','533','0',1,'2020-03-22'),(36,2020,2,'Lhuntse','134','135','134','135','135','138','140','140','140','141','141','0',1,'2020-03-22'),(37,2020,2,'Samdrupjonkhar','932','935','940','942','953','954','953','940','965','967','968','0',1,'2020-03-22'),(38,2020,2,'Pema Gatshel','214','214','215','215','215','215','215','215','216','216','216','0',1,'2020-03-22'),(39,2020,2,'Chukha','2478','2481','2489','2489','2490','2488','2498','2504','2504','2514','2516','0',1,'2020-03-22'),(40,2020,2,'Samtse','561','562','563','563','560','560','560','519','516','516','516','0',1,'2020-03-22');

/*Table structure for table `t_subscriber_isp_main` */

DROP TABLE IF EXISTS `t_subscriber_isp_main`;

CREATE TABLE `t_subscriber_isp_main` (
  `Id` int(5) NOT NULL AUTO_INCREMENT,
  `Year` int(5) DEFAULT NULL,
  `Month` int(2) DEFAULT NULL,
  `Broad_Band_count` varchar(10) DEFAULT NULL,
  `LTE_Broad_Band_count` varchar(10) DEFAULT NULL,
  `Lease_Line_Count` varchar(10) DEFAULT NULL,
  `Data_Center_Count` varchar(10) DEFAULT NULL,
  `Contact_Center_Count` varchar(10) DEFAULT NULL,
  `ERP_Service_Count` varchar(10) DEFAULT NULL,
  `Fleet_Management_Count` varchar(10) DEFAULT NULL,
  `User_Id` int(5) DEFAULT NULL,
  `Added_Date` date DEFAULT NULL,
  PRIMARY KEY (`Id`)
) ENGINE=InnoDB AUTO_INCREMENT=2 DEFAULT CHARSET=latin1;

/*Data for the table `t_subscriber_isp_main` */

insert  into `t_subscriber_isp_main`(`Id`,`Year`,`Month`,`Broad_Band_count`,`LTE_Broad_Band_count`,`Lease_Line_Count`,`Data_Center_Count`,`Contact_Center_Count`,`ERP_Service_Count`,`Fleet_Management_Count`,`User_Id`,`Added_Date`) values (1,2020,1,'20','100','300','500','40','25','14',11,'2020-03-12');

/*Table structure for table `t_subscriber_leaseline_isp_excel` */

DROP TABLE IF EXISTS `t_subscriber_leaseline_isp_excel`;

CREATE TABLE `t_subscriber_leaseline_isp_excel` (
  `Id` int(5) NOT NULL AUTO_INCREMENT,
  `Year` int(5) DEFAULT NULL,
  `Month` int(2) DEFAULT NULL,
  `Customer_Id` varchar(100) DEFAULT NULL,
  `Customer_Code` varchar(100) DEFAULT NULL,
  `Customer_Type` varchar(100) DEFAULT NULL,
  `CS_Activated` varchar(100) DEFAULT NULL,
  `PRG_Name` varchar(100) DEFAULT NULL,
  `CC_State` varchar(100) DEFAULT NULL,
  `CC_City` varchar(100) DEFAULT NULL,
  `CC_Name` varchar(100) DEFAULT NULL,
  `CC_SMS_No` varchar(100) DEFAULT NULL,
  `User_Id` int(5) DEFAULT NULL,
  `Added_Date` date DEFAULT NULL,
  PRIMARY KEY (`Id`)
) ENGINE=InnoDB DEFAULT CHARSET=latin1;

/*Data for the table `t_subscriber_leaseline_isp_excel` */

/*Table structure for table `t_subscriber_mobile_data_user_main` */

DROP TABLE IF EXISTS `t_subscriber_mobile_data_user_main`;

CREATE TABLE `t_subscriber_mobile_data_user_main` (
  `Id` int(5) NOT NULL AUTO_INCREMENT,
  `2_G_User` varchar(10) DEFAULT NULL,
  `3_G_User` varchar(10) DEFAULT NULL,
  `4_G_User` varchar(10) DEFAULT NULL,
  `Attachment_2_G` varchar(200) DEFAULT NULL,
  `Attachment_4_G` varchar(200) DEFAULT NULL,
  `Month` int(2) DEFAULT NULL,
  `Year` int(4) DEFAULT NULL,
  `User_Id` int(5) DEFAULT NULL,
  `Added_Date` date DEFAULT NULL,
  PRIMARY KEY (`Id`)
) ENGINE=InnoDB AUTO_INCREMENT=2 DEFAULT CHARSET=latin1;

/*Data for the table `t_subscriber_mobile_data_user_main` */

insert  into `t_subscriber_mobile_data_user_main`(`Id`,`2_G_User`,`3_G_User`,`4_G_User`,`Attachment_2_G`,`Attachment_4_G`,`Month`,`Year`,`User_Id`,`Added_Date`) values (1,'566','7500','5655','1','1',1,2020,1,'2020-03-22');

/*Table structure for table `t_subscriber_vas_main` */

DROP TABLE IF EXISTS `t_subscriber_vas_main`;

CREATE TABLE `t_subscriber_vas_main` (
  `Id` int(5) NOT NULL AUTO_INCREMENT,
  `Year` int(5) DEFAULT NULL,
  `Month` int(2) DEFAULT NULL,
  `B_Wallet_New` varchar(10) DEFAULT NULL,
  `B_Wallet_Total` varchar(10) DEFAULT NULL,
  `B_Wallet_Towa` varchar(10) DEFAULT NULL,
  `User_Id` int(2) DEFAULT NULL,
  `Added_Date` date DEFAULT NULL,
  PRIMARY KEY (`Id`)
) ENGINE=InnoDB AUTO_INCREMENT=3 DEFAULT CHARSET=latin1;

/*Data for the table `t_subscriber_vas_main` */

insert  into `t_subscriber_vas_main`(`Id`,`Year`,`Month`,`B_Wallet_New`,`B_Wallet_Total`,`B_Wallet_Towa`,`User_Id`,`Added_Date`) values (1,2020,1,'250','300','350',1,'2020-03-22'),(2,2020,2,'10','11','11',1,'2020-03-22');

/*Table structure for table `t_target` */

DROP TABLE IF EXISTS `t_target`;

CREATE TABLE `t_target` (
  `Id` int(50) NOT NULL AUTO_INCREMENT,
  `Year` year(4) DEFAULT NULL,
  `Revenue` varchar(250) DEFAULT NULL,
  `Arpu_post` varchar(200) DEFAULT NULL,
  `Arpu_pre` varchar(200) DEFAULT NULL,
  `Active_user` varchar(200) DEFAULT NULL,
  `Vivophone` varchar(200) DEFAULT NULL,
  `m_revenue` varchar(200) DEFAULT NULL,
  `Month` varchar(200) DEFAULT NULL,
  PRIMARY KEY (`Id`)
) ENGINE=InnoDB AUTO_INCREMENT=10 DEFAULT CHARSET=latin1;

/*Data for the table `t_target` */

insert  into `t_target`(`Id`,`Year`,`Revenue`,`Arpu_post`,`Arpu_pre`,`Active_user`,`Vivophone`,`m_revenue`,`Month`) values (1,2020,'4500','31431','15918','423753','10000','375','1'),(9,2011,'123123','123123123','123123123','123123123','12312312',NULL,NULL);

/*Table structure for table `t_user_details` */

DROP TABLE IF EXISTS `t_user_details`;

CREATE TABLE `t_user_details` (
  `Id` int(5) NOT NULL AUTO_INCREMENT,
  `User_Id` varchar(200) DEFAULT NULL,
  `Password` varchar(200) DEFAULT NULL,
  `User_Status` char(1) DEFAULT 'Y',
  `CID` varchar(11) DEFAULT NULL,
  `Full_Name` varchar(200) DEFAULT NULL,
  `Contact_Number` varchar(8) DEFAULT NULL,
  `Role_Id` int(5) DEFAULT NULL,
  `Image_Name` varchar(200) DEFAULT NULL,
  PRIMARY KEY (`Id`)
) ENGINE=InnoDB AUTO_INCREMENT=5 DEFAULT CHARSET=latin1;

/*Data for the table `t_user_details` */

insert  into `t_user_details`(`Id`,`User_Id`,`Password`,`User_Status`,`CID`,`Full_Name`,`Contact_Number`,`Role_Id`,`Image_Name`) values (1,'admin','$2y$10$VdAZC/mLMCtvAPYcUVuMKuLWckJDI3RAqggp8Xcr84F/PNnq7M.CK','Y','11704001413','Sonam Dorji','17458669',1,NULL),(2,'pema@bt.bt','123','Y','111223','pema ','145666',2,NULL),(3,'ceo@bt.bt','123','Y','4556525','ceo','17566566',3,NULL),(4,'sef','$2y$10$Ycd93XUsKhqUPV6LKY/Zq.06ovies5nTaI9IR/qJvNm3WCwDWcgFS','Y','12312312312','sdfg','sergf',2,NULL);

/*Table structure for table `t_vivo_achievement` */

DROP TABLE IF EXISTS `t_vivo_achievement`;

CREATE TABLE `t_vivo_achievement` (
  `Id` int(11) NOT NULL AUTO_INCREMENT,
  `Year` varchar(10) DEFAULT NULL,
  `Month` varchar(10) DEFAULT NULL,
  `Achievement` varchar(11) DEFAULT NULL,
  `Update_by` varchar(100) DEFAULT NULL,
  `Updated_On` varchar(100) DEFAULT NULL,
  PRIMARY KEY (`Id`)
) ENGINE=InnoDB AUTO_INCREMENT=4 DEFAULT CHARSET=latin1;

/*Data for the table `t_vivo_achievement` */

insert  into `t_vivo_achievement`(`Id`,`Year`,`Month`,`Achievement`,`Update_by`,`Updated_On`) values (1,'2020','1','30000','Sonam Dorji','2020-03-21'),(2,'2020','2','2000','Sonam Dorji','2020-03-21'),(3,'2020','03','20003','Sonam Dorji','2020-03-21');

/*!40101 SET SQL_MODE=@OLD_SQL_MODE */;
/*!40014 SET FOREIGN_KEY_CHECKS=@OLD_FOREIGN_KEY_CHECKS */;
/*!40014 SET UNIQUE_CHECKS=@OLD_UNIQUE_CHECKS */;
/*!40111 SET SQL_NOTES=@OLD_SQL_NOTES */;
